item	itemLabel	GeoNamesID	country	terrain	date	named
http://www.wikidata.org/entity/Q117020	Free Imperial City of Nuremberg					
http://www.wikidata.org/entity/Q118335	Hoftag					
http://www.wikidata.org/entity/Q122293	House of Luxembourg					
http://www.wikidata.org/entity/Q130875	House of Hohenstaufen					
http://www.wikidata.org/entity/Q131621	House of Wittelsbach					
http://www.wikidata.org/entity/Q148499	Margraviate of Brandenburg					
http://www.wikidata.org/entity/Q151095	Duchy of Berg					
http://www.wikidata.org/entity/Q152420	Guelders					
http://www.wikidata.org/entity/Q154439	Concordat of Worms					
http://www.wikidata.org/entity/Q154577	Peace of Augsburg					
http://www.wikidata.org/entity/Q155024	Schmalkaldic League					
http://www.wikidata.org/entity/Q155187	Burgundian Circle					
http://www.wikidata.org/entity/Q156199	Electorate of Saxony					
http://www.wikidata.org/entity/Q157070	County of Flanders					
http://www.wikidata.org/entity/Q159856	Duchy of Brabant					
http://www.wikidata.org/entity/Q161854	Kotzebue					
http://www.wikidata.org/entity/Q168651	Landgraviate of Hesse-Kassel					
http://www.wikidata.org/entity/Q170180	Margraviate of Meissen					
http://www.wikidata.org/entity/Q170390	County of Oldenburg					
http://www.wikidata.org/entity/Q178806	Middle Dutch					
http://www.wikidata.org/entity/Q181765	Holy Roman Emperor					
http://www.wikidata.org/entity/Q182698	Reichsmünzordnung					
http://www.wikidata.org/entity/Q183838	Zeche Lauseplatte					
http://www.wikidata.org/entity/Q184763	Drawing School					
http://www.wikidata.org/entity/Q186791	Jever Region					
http://www.wikidata.org/entity/Q189856	Zent Mörlenbach					
http://www.wikidata.org/entity/Q189881	Centgericht					
http://www.wikidata.org/entity/Q191450	Zepterlehen					
http://www.wikidata.org/entity/Q205727	Swabia Circary					
http://www.wikidata.org/entity/Q213266	Ewiger Landfriede					
http://www.wikidata.org/entity/Q218599	toll castle					
http://www.wikidata.org/entity/Q220422	Zoppenbroich					
http://www.wikidata.org/entity/Q224517	Diet of Worms					
http://www.wikidata.org/entity/Q232332	Zweibrücken-Bitsch					
http://www.wikidata.org/entity/Q247175	Prince-Bishopric of Cammin					
http://www.wikidata.org/entity/Q252268	county of Sundgau					
http://www.wikidata.org/entity/Q256961	Electorate of Bavaria					
http://www.wikidata.org/entity/Q281005	Saxe-Hildburghausen					
http://www.wikidata.org/entity/Q284667	Electorate of Mainz					
http://www.wikidata.org/entity/Q306390	Austrian Circle					
http://www.wikidata.org/entity/Q315663	Limburg					
http://www.wikidata.org/entity/Q315667	Saxe-Weimar					
http://www.wikidata.org/entity/Q317836	Palatinate-Mosbach-Neumarkt					
http://www.wikidata.org/entity/Q319250	County of East Frisia					
http://www.wikidata.org/entity/Q320335	County of Stolberg					
http://www.wikidata.org/entity/Q320530	lordship of Lichtenberg					
http://www.wikidata.org/entity/Q322062	Duchy of Jülich-Berg					
http://www.wikidata.org/entity/Q322763	County of Dagsburg					
http://www.wikidata.org/entity/Q323167	County of Werdenfels					
http://www.wikidata.org/entity/Q323964	Q323964					
http://www.wikidata.org/entity/Q324316	Recke family					
http://www.wikidata.org/entity/Q324465	Frankfurter Judengasse					
http://www.wikidata.org/entity/Q328299	House of Putbus					
http://www.wikidata.org/entity/Q330533	Seventeen Provinces					
http://www.wikidata.org/entity/Q341061	Achtundvierziger					
http://www.wikidata.org/entity/Q374388	Q374388					
http://www.wikidata.org/entity/Q378108	Electoral Rhenish Circle					
http://www.wikidata.org/entity/Q400558	Ahlspiess					
http://www.wikidata.org/entity/Q451519	Hesse-Rheinfels					
http://www.wikidata.org/entity/Q454775	House of Mansfeld					
http://www.wikidata.org/entity/Q457468	County of Rietberg					
http://www.wikidata.org/entity/Q458264	Saarbrücken					
http://www.wikidata.org/entity/Q460334	list of states in the Holy Roman Empire					
http://www.wikidata.org/entity/Q463742	Hochstift					
http://www.wikidata.org/entity/Q463845	Landgraviate of Hesse-Rotenburg					
http://www.wikidata.org/entity/Q465774	Order of the Golden Fleece					
http://www.wikidata.org/entity/Q468096	Nassau-Usingen					
http://www.wikidata.org/entity/Q469837	Hanau-Lichtenberg					
http://www.wikidata.org/entity/Q471490	Nostitz					
http://www.wikidata.org/entity/Q473151	House of Canossa					
http://www.wikidata.org/entity/Q476345	Strasbourg massacre					
http://www.wikidata.org/entity/Q477035	Prince-Bishopric of Osnabrück					
http://www.wikidata.org/entity/Q477858	House of Kyburg					
http://www.wikidata.org/entity/Q479353	Amt Hamm					
http://www.wikidata.org/entity/Q479702	Archchancellor					
http://www.wikidata.org/entity/Q479807	Amt Porz					
http://www.wikidata.org/entity/Q480131	Amt Werl					
http://www.wikidata.org/entity/Q487816	Rüstringen					
http://www.wikidata.org/entity/Q492179	Andlau family					
http://www.wikidata.org/entity/Q496180	Archbishopric of Bremen					
http://www.wikidata.org/entity/Q507115	Luitpoldings					
http://www.wikidata.org/entity/Q513860	Beeldenstorm					
http://www.wikidata.org/entity/Q520220	Army of the Holy Roman Empire					
http://www.wikidata.org/entity/Q527527	Prince-Bishopric of Lübeck					
http://www.wikidata.org/entity/Q528219	Imperial Village					
http://www.wikidata.org/entity/Q529605	Electorate of Hesse					
http://www.wikidata.org/entity/Q536989	Aulic Council					
http://www.wikidata.org/entity/Q541181	Principality of Leiningen					
http://www.wikidata.org/entity/Q544579	Sayn-Altenkirchen					
http://www.wikidata.org/entity/Q553251	House of Limburg-Stirum					
http://www.wikidata.org/entity/Q560028	Order of Saint Joachim					
http://www.wikidata.org/entity/Q560771	Margraviate of Baden-Baden					
http://www.wikidata.org/entity/Q561334	Prince-Bishopric of Bamberg					
http://www.wikidata.org/entity/Q564010	Dönhoff					
http://www.wikidata.org/entity/Q566315	Roman Catholic Diocese of Constance					
http://www.wikidata.org/entity/Q567601	Golden Bull of 1356					
http://www.wikidata.org/entity/Q567658	House of La Marck					
http://www.wikidata.org/entity/Q570716	Conventionsthaler					
http://www.wikidata.org/entity/Q571650	Order of the Four Emperors					
http://www.wikidata.org/entity/Q574644	Prince-Bishopric of Speyer					
http://www.wikidata.org/entity/Q597533	German–Polish War of 1002–18					
http://www.wikidata.org/entity/Q616195	Lower Saxon Circle					
http://www.wikidata.org/entity/Q637238	Electorate of Baden					
http://www.wikidata.org/entity/Q646085	House of Nassau					
http://www.wikidata.org/entity/Q646390	Electorate of Salzburg					
http://www.wikidata.org/entity/Q649192	Prince-Bishopric of Paderborn					
http://www.wikidata.org/entity/Q650489	Margraviate of Baden					
http://www.wikidata.org/entity/Q650645	Prince-Bishopric of Minden					
http://www.wikidata.org/entity/Q654893	Löwenstein-Wertheim					
http://www.wikidata.org/entity/Q662874	First Congress of Vienna					
http://www.wikidata.org/entity/Q669970	Imperial Diet					
http://www.wikidata.org/entity/Q675085	Saxe-Gotha-Altenburg					
http://www.wikidata.org/entity/Q678326	personalist					
http://www.wikidata.org/entity/Q687124	Swabian League					
http://www.wikidata.org/entity/Q688530	House of Dietrichstein					
http://www.wikidata.org/entity/Q691882	Münster rebellion					
http://www.wikidata.org/entity/Q693411	Peace of Constance					
http://www.wikidata.org/entity/Q693551	Landgraviate of Hesse-Darmstadt					
http://www.wikidata.org/entity/Q693562	Duchy of Saxe-Wittenberg					
http://www.wikidata.org/entity/Q693980	Duchy of Swabia					
http://www.wikidata.org/entity/Q694019	podestà					
http://www.wikidata.org/entity/Q694594	Duchy of Bremen and Verden					
http://www.wikidata.org/entity/Q697084	Duchy of Oldenburg					
http://www.wikidata.org/entity/Q697254	Prince-Bishopric of Münster					
http://www.wikidata.org/entity/Q697940	Plater family					
http://www.wikidata.org/entity/Q698530	House of Liechtenstein					
http://www.wikidata.org/entity/Q699964	Archduchy of Austria					
http://www.wikidata.org/entity/Q700229	Saxe-Gotha					
http://www.wikidata.org/entity/Q700283	Austrian Netherlands					
http://www.wikidata.org/entity/Q700663	Saxe-Coburg-Saalfeld					
http://www.wikidata.org/entity/Q702224	Duchy of Carinthia					
http://www.wikidata.org/entity/Q703097	Edict of Restitution					
http://www.wikidata.org/entity/Q704288	Duchy of Holstein					
http://www.wikidata.org/entity/Q706018	Electorate of Brunswick-Lüneburg					
http://www.wikidata.org/entity/Q706216	Augsburg Interim					
http://www.wikidata.org/entity/Q706679	Duchy of Bar					
http://www.wikidata.org/entity/Q707604	Reichskammergericht					
http://www.wikidata.org/entity/Q707767	Prince-Bishopric of Utrecht					
http://www.wikidata.org/entity/Q708742	Lower Rhenish–Westphalian Circle					
http://www.wikidata.org/entity/Q708862	Treaty of Lübeck					
http://www.wikidata.org/entity/Q731814	Catholic League					
http://www.wikidata.org/entity/Q751868	Landgraviate of Brabant					
http://www.wikidata.org/entity/Q760204	Augau					
http://www.wikidata.org/entity/Q762943	County of Holland					
http://www.wikidata.org/entity/Q766501	Duchy of Mantua					
http://www.wikidata.org/entity/Q771332	Prince-Bishopric of Strasbourg					
http://www.wikidata.org/entity/Q772861	Margraviate of Antwerp					
http://www.wikidata.org/entity/Q776053	Landi family					
http://www.wikidata.org/entity/Q780721	Roman Catholic Diocese of Schwerin					
http://www.wikidata.org/entity/Q782304	Egerland					
http://www.wikidata.org/entity/Q811180	Baudissin					
http://www.wikidata.org/entity/Q818252	Bentheim-Tecklenburg					
http://www.wikidata.org/entity/Q819693	Land van den Bergh					
http://www.wikidata.org/entity/Q819968	Reuss (imperial county)					
http://www.wikidata.org/entity/Q825489	Q825489					
http://www.wikidata.org/entity/Q830084	Principality of Brunswick-Wolfenbüttel					
http://www.wikidata.org/entity/Q831378	County of Vaduz					
http://www.wikidata.org/entity/Q831544	Bailiwick of Haguenau					
http://www.wikidata.org/entity/Q831779	Lordship of Schellenberg					
http://www.wikidata.org/entity/Q832107	imperial election					
http://www.wikidata.org/entity/Q832315	Königsbronn Abbey					
http://www.wikidata.org/entity/Q832888	county of Nordgau					
http://www.wikidata.org/entity/Q835934	Edict of Worms					
http://www.wikidata.org/entity/Q852111	Anscarids					
http://www.wikidata.org/entity/Q853921	Peace Treaty of Wiener Neustadt					
http://www.wikidata.org/entity/Q874567	County of Hanau					
http://www.wikidata.org/entity/Q874576	Wendish cities					
http://www.wikidata.org/entity/Q876546	Principality of Minden					
http://www.wikidata.org/entity/Q876797	House of Henneberg					
http://www.wikidata.org/entity/Q883257	Roman Catholic Diocese of Minden					
http://www.wikidata.org/entity/Q883667	Corpus Evangelicorum					
http://www.wikidata.org/entity/Q886546	Blutfahne					
http://www.wikidata.org/entity/Q896856	Prince-Bishopric of Konstanz					
http://www.wikidata.org/entity/Q960016	burgrave					
http://www.wikidata.org/entity/Q970082	Franconian Circle					
http://www.wikidata.org/entity/Q999042	Upper Rhenish Circle					
http://www.wikidata.org/entity/Q1011897	Fürstenstein castle					
http://www.wikidata.org/entity/Q1014968	Q1014968					
http://www.wikidata.org/entity/Q1028585	Q1028585					
http://www.wikidata.org/entity/Q1048169	Treaty of Berlin of 1878					
http://www.wikidata.org/entity/Q1066218	Ottonian art					
http://www.wikidata.org/entity/Q1116824	Pflegamt Lichtenau					
http://www.wikidata.org/entity/Q1136258	Heraldry of the Holy Roman Empire					
http://www.wikidata.org/entity/Q1137541	Principality of Anhalt-Mühlingen					
http://www.wikidata.org/entity/Q1180082	de Lacy family					
http://www.wikidata.org/entity/Q1183435	Deitweg					
http://www.wikidata.org/entity/Q1220066	Diebitsch					
http://www.wikidata.org/entity/Q1233318	Dobnagau					
http://www.wikidata.org/entity/Q1236847	Lordship of Kniphausen					
http://www.wikidata.org/entity/Q1272072	Dürn					
http://www.wikidata.org/entity/Q1282699	Q1282699					
http://www.wikidata.org/entity/Q1286608	Lobdengau					
http://www.wikidata.org/entity/Q1304284	Q1304284					
http://www.wikidata.org/entity/Q1305985	Einbacher Mühle					
http://www.wikidata.org/entity/Q1314461	Reischach family					
http://www.wikidata.org/entity/Q1341156	Imperial immediacy					
http://www.wikidata.org/entity/Q1344365	Ensisheim					
http://www.wikidata.org/entity/Q1347081	House of Walsee					
http://www.wikidata.org/entity/Q1399604	Ottonian Renaissance					
http://www.wikidata.org/entity/Q1409271	Fettmilch Rising					
http://www.wikidata.org/entity/Q1415566	Battle of Würzburg					
http://www.wikidata.org/entity/Q1436555	Pflegamt Velden					
http://www.wikidata.org/entity/Q1440442	Oberamt Mosbach					
http://www.wikidata.org/entity/Q1454024	Free City of Mainz					
http://www.wikidata.org/entity/Q1454401	Gemmingen					
http://www.wikidata.org/entity/Q1454439	Q1454439					
http://www.wikidata.org/entity/Q1483822	Hainstadt					
http://www.wikidata.org/entity/Q1485449	Seelhaus					
http://www.wikidata.org/entity/Q1495890	Q1495890					
http://www.wikidata.org/entity/Q1507115	Imperial Estate					
http://www.wikidata.org/entity/Q1513006	Q1513006					
http://www.wikidata.org/entity/Q1513004	Q1513004					
http://www.wikidata.org/entity/Q1513005	Q1513005					
http://www.wikidata.org/entity/Q1513009	Q1513009					
http://www.wikidata.org/entity/Q1518394	Literarische Gesellschaft zu Jena					
http://www.wikidata.org/entity/Q1532574	Q1532574					
http://www.wikidata.org/entity/Q1541669	County of Egisheim					
http://www.wikidata.org/entity/Q1541688	countship Gronsveld					
http://www.wikidata.org/entity/Q1541713	County of Königstein					
http://www.wikidata.org/entity/Q1541723	County of Lippe					
http://www.wikidata.org/entity/Q1541835	Werdenberg (Holy Roman Empire)					
http://www.wikidata.org/entity/Q1550275	Grubingen					
http://www.wikidata.org/entity/Q1614394	Q1614394					
http://www.wikidata.org/entity/Q1617090	Q1617090					
http://www.wikidata.org/entity/Q1621034	historical territory					
http://www.wikidata.org/entity/Q1628429	Horneck von Hornberg					
http://www.wikidata.org/entity/Q1721681	Imperial Army					
http://www.wikidata.org/entity/Q1777136	Knigge					
http://www.wikidata.org/entity/Q1787828	Circle troops					
http://www.wikidata.org/entity/Q1792924	Electoral College					
http://www.wikidata.org/entity/Q1802943	Klettgau					
http://www.wikidata.org/entity/Q1828394	Graafschap Gelre					
http://www.wikidata.org/entity/Q1842486	free imperial city of Wimpfen					
http://www.wikidata.org/entity/Q1867844	March of Tuscany					
http://www.wikidata.org/entity/Q1868259	free imperial city of Turckheim					
http://www.wikidata.org/entity/Q1876237	free imperial city of Strasbourg					
http://www.wikidata.org/entity/Q1918186	free imperial city of Kaufbeuren					
http://www.wikidata.org/entity/Q1949521	free imperial city of Rottweil					
http://www.wikidata.org/entity/Q1965271	free imperial city of Lindau					
http://www.wikidata.org/entity/Q1979064	free imperial city of Gengenbach					
http://www.wikidata.org/entity/Q1981078	Q1981078					
http://www.wikidata.org/entity/Q2045387	Pachelbel von Gehag					
http://www.wikidata.org/entity/Q2055974	free imperial city of Dortmund					
http://www.wikidata.org/entity/Q2056055	free imperial city of Friedberg					
http://www.wikidata.org/entity/Q2063178	prince-abbot					
http://www.wikidata.org/entity/Q2064609	Dessain					
http://www.wikidata.org/entity/Q2075148	Free Imperial City of Heilbronn					
http://www.wikidata.org/entity/Q2084016	Pflegamt Altdorf					
http://www.wikidata.org/entity/Q2084028	Pflegamt Hersbruck					
http://www.wikidata.org/entity/Q2084038	Pflegamt Hohenstein					
http://www.wikidata.org/entity/Q2084044	Pflegamt Lauf					
http://www.wikidata.org/entity/Q2084050	Pflegamt Reicheneck					
http://www.wikidata.org/entity/Q2088066	Q2088066					
http://www.wikidata.org/entity/Q2091711	Q2091711					
http://www.wikidata.org/entity/Q2100960	Q2100960					
http://www.wikidata.org/entity/Q2112681	Free Imperial City of Schlettstadt					
http://www.wikidata.org/entity/Q2116823	Q2116823					
http://www.wikidata.org/entity/Q2122472	Imperial quaternions					
http://www.wikidata.org/entity/Q2134914	Q2134914					
http://www.wikidata.org/entity/Q2138849	Free City of Landau					
http://www.wikidata.org/entity/Q2139654	Imperial Knight					
http://www.wikidata.org/entity/Q2141909	Q2141909					
http://www.wikidata.org/entity/Q2142886	Archduchy of Austria above the Enns					
http://www.wikidata.org/entity/Q2155097	Krummensee					
http://www.wikidata.org/entity/Q2160711	Q2160711					
http://www.wikidata.org/entity/Q2165016	Unruochings					
http://www.wikidata.org/entity/Q2169084	Zell am Harmersbach					
http://www.wikidata.org/entity/Q2181059	Q2181059					
http://www.wikidata.org/entity/Q2192719	Q2192719					
http://www.wikidata.org/entity/Q2202111	Q2202111					
http://www.wikidata.org/entity/Q2204112	Rütschdorf					
http://www.wikidata.org/entity/Q2205983	Q2205983					
http://www.wikidata.org/entity/Q2210412	Q2210412					
http://www.wikidata.org/entity/Q2217794	Q2217794					
http://www.wikidata.org/entity/Q2219448	Duchy of Saxony					
http://www.wikidata.org/entity/Q2227570	Duchy of Württemberg					
http://www.wikidata.org/entity/Q2233333	Q2233333					
http://www.wikidata.org/entity/Q2239864	Görtz					
http://www.wikidata.org/entity/Q2240291	Q2240291					
http://www.wikidata.org/entity/Q2247126	Q2247126					
http://www.wikidata.org/entity/Q2248663	Q2248663					
http://www.wikidata.org/entity/Q2257151	Q2257151					
http://www.wikidata.org/entity/Q2259307	Q2259307					
http://www.wikidata.org/entity/Q2263051	Klubist					
http://www.wikidata.org/entity/Q2275775	Seydlitz					
http://www.wikidata.org/entity/Q2281560	House of Sickingen					
http://www.wikidata.org/entity/Q2303350	Bailiwick of Schieland					
http://www.wikidata.org/entity/Q2314753	Q2314753					
http://www.wikidata.org/entity/Q2325335	Coup of Kaiserswerth					
http://www.wikidata.org/entity/Q2327097	Imperial City of Windsheim					
http://www.wikidata.org/entity/Q2351359	Free Imperial City of Besançon					
http://www.wikidata.org/entity/Q2358281	Land of Aalst					
http://www.wikidata.org/entity/Q2360887	Q2360887					
http://www.wikidata.org/entity/Q2360973	Duchy of Carniola					
http://www.wikidata.org/entity/Q2379585	Q2379585					
http://www.wikidata.org/entity/Q2423057	Q2423057					
http://www.wikidata.org/entity/Q2455075	Principality of Auersperg					
http://www.wikidata.org/entity/Q2465074	Ban de la Roche					
http://www.wikidata.org/entity/Q2486001	Q2486001					
http://www.wikidata.org/entity/Q2497542	Q2497542					
http://www.wikidata.org/entity/Q2528034	Free Imperial City of Worms					
http://www.wikidata.org/entity/Q2529996	Herrschaft Schönau					
http://www.wikidata.org/entity/Q2540522	Q2540522					
http://www.wikidata.org/entity/Q2541587	Waldhausen					
http://www.wikidata.org/entity/Q2546645	Q2546645					
http://www.wikidata.org/entity/Q2561601	Q2561601					
http://www.wikidata.org/entity/Q2566079	coat of arms of Löwenstein-Wertheim					
http://www.wikidata.org/entity/Q2590823	Q2590823					
http://www.wikidata.org/entity/Q2592522	Wolkenstein					
http://www.wikidata.org/entity/Q2596818	Q2596818					
http://www.wikidata.org/entity/Q2598686	County of Diepholz					
http://www.wikidata.org/entity/Q2604395	Q2604395					
http://www.wikidata.org/entity/Q2614104	Q2614104					
http://www.wikidata.org/entity/Q2629137	Free Imperial City of Aachen					
http://www.wikidata.org/entity/Q2638011	House of Lorraine					
http://www.wikidata.org/entity/Q2664698	Q2664698					
http://www.wikidata.org/entity/Q2674290	Q2674290					
http://www.wikidata.org/entity/Q2677382	Q2677382					
http://www.wikidata.org/entity/Q2684137	Q2684137					
http://www.wikidata.org/entity/Q2695632	Q2695632					
http://www.wikidata.org/entity/Q2701518	Q2701518					
http://www.wikidata.org/entity/Q2702805	Q2702805					
http://www.wikidata.org/entity/Q2719360	Duchy of Luxembourg					
http://www.wikidata.org/entity/Q2733795	Q2733795					
http://www.wikidata.org/entity/Q2748024	Q2748024					
http://www.wikidata.org/entity/Q2750894	Imperial city of Regensburg					
http://www.wikidata.org/entity/Q2757553	Diet of Speyer					
http://www.wikidata.org/entity/Q2760534	Q2760534					
http://www.wikidata.org/entity/Q2765262	Q2765262					
http://www.wikidata.org/entity/Q2779293	Bailiwick of Rijnland					
http://www.wikidata.org/entity/Q2802191	Q2802191					
http://www.wikidata.org/entity/Q2829270	Duchy of Spoleto					
http://www.wikidata.org/entity/Q2905760	Nijmegen Quarter					
http://www.wikidata.org/entity/Q2993816	Q2993816					
http://www.wikidata.org/entity/Q3065458	Q3065458					
http://www.wikidata.org/entity/Q3089068	Q3089068					
http://www.wikidata.org/entity/Q3099621	Q3099621					
http://www.wikidata.org/entity/Q3110868	Gordinne					
http://www.wikidata.org/entity/Q3168220	Imperial City of Dinkelsbühl					
http://www.wikidata.org/entity/Q3313717	Palatinate-Mosbach					
http://www.wikidata.org/entity/Q3320338	San Giorgio Monastery					
http://www.wikidata.org/entity/Q3423726	Rehbinder					
http://www.wikidata.org/entity/Q3456410	Republic of Mulhouse					
http://www.wikidata.org/entity/Q3569464	Wismar					
http://www.wikidata.org/entity/Q3638323	Bentheim-Bentheim					
http://www.wikidata.org/entity/Q3700648	Barbiano di Belgioioso					
http://www.wikidata.org/entity/Q3704848	House of Baux					
http://www.wikidata.org/entity/Q3845763	Margravate of Mantua					
http://www.wikidata.org/entity/Q3944505	Holy Roman Empress					
http://www.wikidata.org/entity/Q3972878	Q3972878					
http://www.wikidata.org/entity/Q4069873	Arps von Arpshofen					
http://www.wikidata.org/entity/Q4078695	Q4078695					
http://www.wikidata.org/entity/Q4096841	Q4096841					
http://www.wikidata.org/entity/Q4097096	Q4097096					
http://www.wikidata.org/entity/Q4101473	House of Bühler					
http://www.wikidata.org/entity/Q4106041	Q4106041					
http://www.wikidata.org/entity/Q4107101	Wendrich					
http://www.wikidata.org/entity/Q4122737	Vogt					
http://www.wikidata.org/entity/Q4124689	free imperial city of Riga					
http://www.wikidata.org/entity/Q4131447	Q4131447					
http://www.wikidata.org/entity/Q4133883	Q4133883					
http://www.wikidata.org/entity/Q4158602	Depreradovich family					
http://www.wikidata.org/entity/Q4165143	Q4165143					
http://www.wikidata.org/entity/Q4165306	House of Cleves					
http://www.wikidata.org/entity/Q4170845	Q4170845					
http://www.wikidata.org/entity/Q4245820	Q4245820					
http://www.wikidata.org/entity/Q4256389	Löwenstern					
http://www.wikidata.org/entity/Q4267323	Łoś Family					
http://www.wikidata.org/entity/Q4272421	Q4272421					
http://www.wikidata.org/entity/Q4340343	Offenberg					
http://www.wikidata.org/entity/Q4396138	Q4396138					
http://www.wikidata.org/entity/Q4419685	Simolin					
http://www.wikidata.org/entity/Q4499876	House of Horvat					
http://www.wikidata.org/entity/Q4534363	House of Jülich					
http://www.wikidata.org/entity/Q4918043	Prince-Bishopric of Metz					
http://www.wikidata.org/entity/Q4977753	Q4977753					
http://www.wikidata.org/entity/Q4979655	Q4979655					
http://www.wikidata.org/entity/Q5172135	Q5172135					
http://www.wikidata.org/entity/Q5177831	County of Brunswick					
http://www.wikidata.org/entity/Q5311389	Duchy of Thuringia					
http://www.wikidata.org/entity/Q5446029	feudalism in the Holy Roman Empire					
http://www.wikidata.org/entity/Q5499881	Free Imperial City of Ulm					
http://www.wikidata.org/entity/Q5507833	Fulda witch trials					
http://www.wikidata.org/entity/Q5884356	Interregnum of the Holy Roman Empire (1245–1273)					
http://www.wikidata.org/entity/Q6030444	Q6030444					
http://www.wikidata.org/entity/Q7596284	Stadion-Warthausen					
http://www.wikidata.org/entity/Q7841446	Trier witch trials					
http://www.wikidata.org/entity/Q7941431	Von Friesendorff					
http://www.wikidata.org/entity/Q10916920	Schaumburg-Lippe (Germany)					
http://www.wikidata.org/entity/Q11346232	Q11346232					
http://www.wikidata.org/entity/Q11905620	Q11905620					
http://www.wikidata.org/entity/Q11912024	Q11912024					
http://www.wikidata.org/entity/Q11915046	Q11915046					
http://www.wikidata.org/entity/Q11915098	Q11915098					
http://www.wikidata.org/entity/Q11917626	Q11917626					
http://www.wikidata.org/entity/Q11930012	Q11930012					
http://www.wikidata.org/entity/Q11931311	Q11931311					
http://www.wikidata.org/entity/Q11931314	Q11931314					
http://www.wikidata.org/entity/Q11931312	Q11931312					
http://www.wikidata.org/entity/Q11931313	Leiningen-Bockenheim					
http://www.wikidata.org/entity/Q54810238	Sarrebourg					
http://www.wikidata.org/entity/Q54810258	Free City of Obernai					
http://www.wikidata.org/entity/Q54810282	Free City of Rosheim					
http://www.wikidata.org/entity/Q54818777	Imperial Abbey of Wissembourg					
http://www.wikidata.org/entity/Q55260706	Unterferdinandsdorf					
http://www.wikidata.org/entity/Q55522529	Q55522529					
http://www.wikidata.org/entity/Q55604096	Apostolic Nunciature to Gratz					
http://www.wikidata.org/entity/Q56005590	Wittgenstein					
http://www.wikidata.org/entity/Q56296380	Drought in Central Europe 1540					
http://www.wikidata.org/entity/Q58378344	Q58378344					
http://www.wikidata.org/entity/Q58856346	Principality of Krautheim					
http://www.wikidata.org/entity/Q58942549	landgraviate of Lower Alsace					
http://www.wikidata.org/entity/Q59195224	Pflegamt Betzenstein					
http://www.wikidata.org/entity/Q59694879	House of Nassau-Hadamar (1303-1394)					
http://www.wikidata.org/entity/Q60847524	Loudon family					
http://www.wikidata.org/entity/Q61043114	House of Nassau-Beilstein (1343-1561)					
http://www.wikidata.org/entity/Q61992442	Ernsthof					
http://www.wikidata.org/entity/Q62547966	Pflegamt Engelthal					
http://www.wikidata.org/entity/Q62566841	Pflegamt Gräfenberg					
http://www.wikidata.org/entity/Q62566863	Pflegamt Hiltpoltstein					
http://www.wikidata.org/entity/Q62857869	Waldamt Laurenzi					
http://www.wikidata.org/entity/Q63246686	Pflegamt Hauseck					
http://www.wikidata.org/entity/Q63256959	Waldamt Sebaldi					
http://www.wikidata.org/entity/Q63257101	Amt der Veste					
http://www.wikidata.org/entity/Q63257116	Pflegamt Gostenhof					
http://www.wikidata.org/entity/Q63257316	Richteramt Wöhrd					
http://www.wikidata.org/entity/Q63257369	Pflegamt Wildenfels					
http://www.wikidata.org/entity/Q63373543	Q63373543					
http://www.wikidata.org/entity/Q63446343	Q63446343					
http://www.wikidata.org/entity/Q63446415	Count of Loon					
http://www.wikidata.org/entity/Q65240041	Army of the Electorate of Mainz					
http://www.wikidata.org/entity/Q65380407	Bailiwick of Thuisbrunn					
http://www.wikidata.org/entity/Q65660617	House of Wassenberg					
http://www.wikidata.org/entity/Q66500861	Amt Wolfsberg					
http://www.wikidata.org/entity/Q66714616	Kastenamt Streitberg					
http://www.wikidata.org/entity/Q66738744	Oberferdinandsdorf					
http://www.wikidata.org/entity/Q66768693	Rieneck					
http://www.wikidata.org/entity/Q67206680	Q67206680					
http://www.wikidata.org/entity/Q67767427	Q67767427					
http://www.wikidata.org/entity/Q71549518	Q71549518					
http://www.wikidata.org/entity/Q73225441	Q73225441					
http://www.wikidata.org/entity/Q76013951	Amtshauptmannschaft Wunsiedel					
http://www.wikidata.org/entity/Q76014479	Amtshauptmannschaft Bayreuth					
http://www.wikidata.org/entity/Q76014855	Landeshauptmannschaft Hof					
http://www.wikidata.org/entity/Q76015411	Amtshauptmannschaft Kulmbach					
http://www.wikidata.org/entity/Q76015822	Oberamt Eschenau					
http://www.wikidata.org/entity/Q76016327	Oberamt Lichtenberg					
http://www.wikidata.org/entity/Q76016668	Oberamt Neustadt am Kulm					
http://www.wikidata.org/entity/Q76016977	Oberamt Osternohe					
http://www.wikidata.org/entity/Q76017348	Oberamt Pegnitz					
http://www.wikidata.org/entity/Q76017738	Oberamt Schauenstein					
http://www.wikidata.org/entity/Q76025599	Oberamt Stockenroth					
http://www.wikidata.org/entity/Q76472779	Amtsverwaltung Sankt Georgen					
http://www.wikidata.org/entity/Q76473891	Vogtei Hetzelsdorf					
http://www.wikidata.org/entity/Q76474762	Vogteiamt Wonsees					
http://www.wikidata.org/entity/Q76475007	Kastenamt Neustadt am Kulm					
http://www.wikidata.org/entity/Q84595941	House of Nassau-Siegen (1303-1607)					
http://www.wikidata.org/entity/Q85421072	Von Dotzen					
http://www.wikidata.org/entity/Q86518139	House of Hohenzollern-Haigerloch					
http://www.wikidata.org/entity/Q86729426	Q86729426					
http://www.wikidata.org/entity/Q89418964	Amt Lauenstein					
http://www.wikidata.org/entity/Q89418971	Amt Lichtenberg					
http://www.wikidata.org/entity/Q89807899	Rittergut Hesselbach					
http://www.wikidata.org/entity/Q89823248	Amt Teuschnitz					
http://www.wikidata.org/entity/Q92630480	Amt Eggolsheim					
http://www.wikidata.org/entity/Q92631176	Amt Enchenreuth					
http://www.wikidata.org/entity/Q93146045	Amt Scheßlitz					
http://www.wikidata.org/entity/Q93297695	Amt Wallenfels					
http://www.wikidata.org/entity/Q93529822	Amt Nordhalben					
http://www.wikidata.org/entity/Q93530987	Amt Kronach					
http://www.wikidata.org/entity/Q93532190	Amt Rothenkirchen					
http://www.wikidata.org/entity/Q93532549	Amt Ebermannstadt					
http://www.wikidata.org/entity/Q93533270	Amt Regensberg					
http://www.wikidata.org/entity/Q93535080	Amt Neuhaus					
http://www.wikidata.org/entity/Q93536234	Amt Vilseck					
http://www.wikidata.org/entity/Q93892307	Amt Banz					
http://www.wikidata.org/entity/Q93892865	Amt Weismain					
http://www.wikidata.org/entity/Q93893398	Amt Burgkunstadt					
http://www.wikidata.org/entity/Q93893854	Amt Fürth am Berg					
http://www.wikidata.org/entity/Q93894351	Amt Stadtsteinach					
http://www.wikidata.org/entity/Q93895098	Oberamt Lichtenfels					
http://www.wikidata.org/entity/Q93896746	Amt Hollfeld					
http://www.wikidata.org/entity/Q93897164	Amt Waischenfeld					
http://www.wikidata.org/entity/Q94151569	Amt Attelsdorf					
http://www.wikidata.org/entity/Q94153087	Amt Bamberg					
http://www.wikidata.org/entity/Q94153215	Amt Baunach					
http://www.wikidata.org/entity/Q94153760	Amt Bechhofen					
http://www.wikidata.org/entity/Q94155146	Amt Büchenbach					
http://www.wikidata.org/entity/Q94156167	Amt Burgebrach					
http://www.wikidata.org/entity/Q94156982	Amt Burgellern					
http://www.wikidata.org/entity/Q94157402	Amt Döringstadt					
http://www.wikidata.org/entity/Q94158450	Amt Forchheim					
http://www.wikidata.org/entity/Q94158477	Amt Fürth					
http://www.wikidata.org/entity/Q94159808	Amt Gößweinstein					
http://www.wikidata.org/entity/Q94159835	Amt Kupferberg					
http://www.wikidata.org/entity/Q94159844	Amt Marktschorgast					
http://www.wikidata.org/entity/Q94160262	Amt Memmelsdorf					
http://www.wikidata.org/entity/Q94160863	Amt Neunkirchen					
http://www.wikidata.org/entity/Q94279137	Q94279137					
http://www.wikidata.org/entity/Q94520205	Vizedomamt Wolfsberg					
http://www.wikidata.org/entity/Q11931319	Q11931319					
http://www.wikidata.org/entity/Q11931316	Q11931316					
http://www.wikidata.org/entity/Q11931317	Q11931317					
http://www.wikidata.org/entity/Q11946694	Q11946694					
http://www.wikidata.org/entity/Q11946695	Q11946695					
http://www.wikidata.org/entity/Q11946692	Q11946692					
http://www.wikidata.org/entity/Q11946699	Q11946699					
http://www.wikidata.org/entity/Q12316996	Holbein					
http://www.wikidata.org/entity/Q12785939	Siege of Laibach (1442)					
http://www.wikidata.org/entity/Q12786750	Habsburg-Celje war					
http://www.wikidata.org/entity/Q13142859	Reichsvogt					
http://www.wikidata.org/entity/Q13646387	County of Gradisca					
http://www.wikidata.org/entity/Q13646389	countship Lohn					
http://www.wikidata.org/entity/Q13725428	Duchy Bavaria					
http://www.wikidata.org/entity/Q14164803	Prince-Bishopric of Fulda					
http://www.wikidata.org/entity/Q14277008	free imperial city of Weil der Stadt					
http://www.wikidata.org/entity/Q14277024	Imperial City of Wetzlar					
http://www.wikidata.org/entity/Q14631246	Duchy of Saxony (1180–1296)					
http://www.wikidata.org/entity/Q15133296	Unterneudorf					
http://www.wikidata.org/entity/Q15791847	Q15791847					
http://www.wikidata.org/entity/Q15791888	Q15791888					
http://www.wikidata.org/entity/Q15815428	Q15815428					
http://www.wikidata.org/entity/Q15875651	Trivulzio book of hours					
http://www.wikidata.org/entity/Q15881314	free imperial city of St. Gallen					
http://www.wikidata.org/entity/Q15944605	Reichsthaler					
http://www.wikidata.org/entity/Q16155815	Principality of Anhalt					
http://www.wikidata.org/entity/Q16543832	County of Tyrol					
http://www.wikidata.org/entity/Q16550783	Duchy of Anhalt					
http://www.wikidata.org/entity/Q16628113	Bruiningk					
http://www.wikidata.org/entity/Q16628700	Q16628700					
http://www.wikidata.org/entity/Q16635885	Hauff (noble family)					
http://www.wikidata.org/entity/Q16680904	Nicolay					
http://www.wikidata.org/entity/Q17015016	Prince-Bishopric of Verdun					
http://www.wikidata.org/entity/Q17040602	Worms massacre					
http://www.wikidata.org/entity/Q17127024	Queis family					
http://www.wikidata.org/entity/Q17319270	Kasteel De Nieuwburg					
http://www.wikidata.org/entity/Q17353855	Free imperial city of Mühlhausen					
http://www.wikidata.org/entity/Q18415359	Siege of Lyon					
http://www.wikidata.org/entity/Q18415598	Imperial election of 1376					
http://www.wikidata.org/entity/Q18415646	Imperial election of May 1400					
http://www.wikidata.org/entity/Q18433565	duchy Saxony-Weimar					
http://www.wikidata.org/entity/Q18611038	Q18611038					
http://www.wikidata.org/entity/Q18611039	Q18611039					
http://www.wikidata.org/entity/Q19276267	Bödigheim					
http://www.wikidata.org/entity/Q19289232	Linneper Hof					
http://www.wikidata.org/entity/Q19309760	Saxon Circle					
http://www.wikidata.org/entity/Q19716628	Q19716628					
http://www.wikidata.org/entity/Q19831559	Oldenburg					
http://www.wikidata.org/entity/Q19902208	Dissolution of the Holy Roman Empire					
http://www.wikidata.org/entity/Q19902345	Lordship of Hanau					
http://www.wikidata.org/entity/Q19909980	Körber					
http://www.wikidata.org/entity/Q19912720	Strümpfelbrunn					
http://www.wikidata.org/entity/Q19916165	Q19916165					
http://www.wikidata.org/entity/Q19926190	Portrait of a lady from the Klammer von Weydach Family					
http://www.wikidata.org/entity/Q19963243	Stürzenhardt					
http://www.wikidata.org/entity/Q19963342	Wingarteiba					
http://www.wikidata.org/entity/Q19965105	Q19965105					
http://www.wikidata.org/entity/Q19973824	Q19973824					
http://www.wikidata.org/entity/Q20108785	Rickingen					
http://www.wikidata.org/entity/Q20108814	Q20108814					
http://www.wikidata.org/entity/Q20108815	Q20108815					
http://www.wikidata.org/entity/Q20108817	Q20108817					
http://www.wikidata.org/entity/Q20184171	Gottersdorf					
http://www.wikidata.org/entity/Q20191080	Mülben					
http://www.wikidata.org/entity/Q20477540	administrative territorial entity of the Holy Roman Empire					
http://www.wikidata.org/entity/Q21003536	Q21003536					
http://www.wikidata.org/entity/Q21039591	Q21039591					
http://www.wikidata.org/entity/Q21077045	landgraviate of Upper Alsace					
http://www.wikidata.org/entity/Q21095099	Q21095099					
http://www.wikidata.org/entity/Q21190192	Q21190192					
http://www.wikidata.org/entity/Q21211601	House of Malama					
http://www.wikidata.org/entity/Q24944531	Q24944531					
http://www.wikidata.org/entity/Q26830017	state in the Holy Roman Empire					
http://www.wikidata.org/entity/Q26972999	Roman Catholic Bishop of Olomouc					
http://www.wikidata.org/entity/Q27530903	Altona					
http://www.wikidata.org/entity/Q27924856	The Visit of Emperor Sigismund to England in 1416					
http://www.wikidata.org/entity/Q28457032	Apostolic Nunciature to the Emperor					
http://www.wikidata.org/entity/Q28545043	House of Mohrenheim					
http://www.wikidata.org/entity/Q28868768	Schweinberg					
http://www.wikidata.org/entity/Q29711219	Saints-Peter-and-Paul church (Meinier)					
http://www.wikidata.org/entity/Q29711557	Former Protestant church of Peissy					
http://www.wikidata.org/entity/Q29711600	Temple of Satigny					
http://www.wikidata.org/entity/Q29711714	Temple of Vandœuvres					
http://www.wikidata.org/entity/Q29932790	Dice toll					
http://www.wikidata.org/entity/Q30055778	Mergentheim witch trials					
http://www.wikidata.org/entity/Q46199926	Q46199926					
http://www.wikidata.org/entity/Q47015460	House of Nassau-Wiesbaden-Idstein					
http://www.wikidata.org/entity/Q47194649	Roman Catholic Archdiocese of Mainz					
http://www.wikidata.org/entity/Q47468093	House of Nassau-Saarbrücken (1442-1574)					
http://www.wikidata.org/entity/Q47483520	House of Nassau-Weilburg (1355-1605)					
http://www.wikidata.org/entity/Q47756849	House of Nassau-Idstein					
http://www.wikidata.org/entity/Q48757507	Q48757507					
http://www.wikidata.org/entity/Q48841740	1273 imperial election					
http://www.wikidata.org/entity/Q50398868	House of Nassau-Saarbrücken (1629-1723)					
http://www.wikidata.org/entity/Q51089492	House of Nassau-Sonnenberg					
http://www.wikidata.org/entity/Q51735999	Gerichtstetten					
http://www.wikidata.org/entity/Q53286770	King Sigismund's Journey to Aragon in 1415					
http://www.wikidata.org/entity/Q54153083	Q54153083					
http://www.wikidata.org/entity/Q54805326	lordship of Échéry					
http://www.wikidata.org/entity/Q54810223	Verdun					
http://www.wikidata.org/entity/Q94702774	A Baptismal Ceremony					
http://www.wikidata.org/entity/Q94702914	Amt Gremsdorf					
http://www.wikidata.org/entity/Q94702939	Amt Hallstadt					
http://www.wikidata.org/entity/Q94702960	Amt Herzogenaurach					
http://www.wikidata.org/entity/Q94703200	Amt Höchstadt					
http://www.wikidata.org/entity/Q94703302	Amt Langheim					
http://www.wikidata.org/entity/Q94703414	Amt Leienfels					
http://www.wikidata.org/entity/Q94703453	Amt Maineck					
http://www.wikidata.org/entity/Q94703492	Amt Oberscheinfeld					
http://www.wikidata.org/entity/Q94703542	Amt Pottenstein					
http://www.wikidata.org/entity/Q94703614	Amt Kirchdorf an der Krems					
http://www.wikidata.org/entity/Q94704162	Amt Zapfendorf					
http://www.wikidata.org/entity/Q94704215	Amt Zeil					
http://www.wikidata.org/entity/Q94992834	House of Nassau-Dillenburg (1303-1328)					
http://www.wikidata.org/entity/Q95151294	Amt Rattelsdorf					
http://www.wikidata.org/entity/Q95151297	Amt Schlüsselau					
http://www.wikidata.org/entity/Q95151303	Amt Schönbrunn					
http://www.wikidata.org/entity/Q95151750	Amt Staffelstein					
http://www.wikidata.org/entity/Q95152080	Amt Tambach					
http://www.wikidata.org/entity/Q95152122	Amt Wachenroth					
http://www.wikidata.org/entity/Q95152127	Amt Seibelsdorf					
http://www.wikidata.org/entity/Q95152124	Amt Wartenfels					
http://www.wikidata.org/entity/Q95618550	Amt Büchold					
http://www.wikidata.org/entity/Q95716551	Q95716551					
http://www.wikidata.org/entity/Q95716564	Großer Galgenteich					
http://www.wikidata.org/entity/Q95895695	Free Imperial City of Strasbourg					
http://www.wikidata.org/entity/Q95920274	Amtsvogtei Fürth					
http://www.wikidata.org/entity/Q95950649	duchy of Alsace					
http://www.wikidata.org/entity/Q96358614	Q96358614					
http://www.wikidata.org/entity/Q96358638	Farmers of Ammergau					
http://www.wikidata.org/entity/Q96456912	Free City of Sélestat					
http://www.wikidata.org/entity/Q96623254	council of Augsburg					
http://www.wikidata.org/entity/Q96986777	Battle of Königshofen (1525)					
http://www.wikidata.org/entity/Q97044356	Amt Seibelsdorf					
http://www.wikidata.org/entity/Q97097015	Q97097015					
http://www.wikidata.org/entity/Q97097018	County of Leiningen					
http://www.wikidata.org/entity/Q97163902	Schildknappe					
http://www.wikidata.org/entity/Q97309711	Q97309711					
http://www.wikidata.org/entity/Q97443698	Schultheiß(mayor) of Hagenau					
http://www.wikidata.org/entity/Q97498071	Q97498071					
http://www.wikidata.org/entity/Q97504562	Judge of Landshut					
http://www.wikidata.org/entity/Q97567986	Judge of Munich					
http://www.wikidata.org/entity/Q97650043	Q97650043					
http://www.wikidata.org/entity/Q97858530	Judge of Wolfratshausen					
http://www.wikidata.org/entity/Q97924757	Free City of Colmar					
http://www.wikidata.org/entity/Q97940738	Free City of Haguenau					
http://www.wikidata.org/entity/Q97940833	Free City of Kaysersberg					
http://www.wikidata.org/entity/Q97940882	Free City of Seltz					
http://www.wikidata.org/entity/Q97941965	Free City of Turckheim					
http://www.wikidata.org/entity/Q97943978	Free City of Wissembourg					
http://www.wikidata.org/entity/Q97946582	Free City of Munster					
http://www.wikidata.org/entity/Q98212390	Siege of Castle Altena					
http://www.wikidata.org/entity/Q98380333	Q98380333					
http://www.wikidata.org/entity/Q98399636	Q98399636					
http://www.wikidata.org/entity/Q98969810	Herrschaft Zwingenberg					
http://www.wikidata.org/entity/Q100594799	Electorate of Hesse					
http://www.wikidata.org/entity/Q100761684	Compesières Cemetery					
http://www.wikidata.org/entity/Q104399593	Q104399593					
http://www.wikidata.org/entity/Q104414816	Q104414816					
http://www.wikidata.org/entity/Q104658952	Q104658952					
http://www.wikidata.org/entity/Q104659853	Unterscheidental					
http://www.wikidata.org/entity/Q104831049	Rüdental					
http://www.wikidata.org/entity/Q105309968	Bretzingen					
http://www.wikidata.org/entity/Q105314642	Q105314642					
http://www.wikidata.org/entity/Q106043821	Q106043821					
http://www.wikidata.org/entity/Q106729084	Q106729084					
http://www.wikidata.org/entity/Q106729617	Q106729617					
http://www.wikidata.org/entity/Q106823043	Rockenau					
http://www.wikidata.org/entity/Q107017221	North German thaler					
http://www.wikidata.org/entity/Q107294479	Q107294479					
http://www.wikidata.org/entity/Q107349985	House of Nassau-Siegen (1607-1623)					
http://www.wikidata.org/entity/Q107352630	Prince-Bishopric of Naumburg					
http://www.wikidata.org/entity/Q107390618	Q107390618					
http://www.wikidata.org/entity/Q107423240	Ottonian painting					
http://www.wikidata.org/entity/Q107463552	Hohenlohe-Weikersheim					
http://www.wikidata.org/entity/Q108143032	Schwörbrief					
http://www.wikidata.org/entity/Q108183588	Pfalz					
http://www.wikidata.org/entity/Q108187210	Q108187210					
http://www.wikidata.org/entity/Q108187209	Q108187209					
http://www.wikidata.org/entity/Q108187214	Q108187214					
http://www.wikidata.org/entity/Q109404233	Aug Bénard					
http://www.wikidata.org/entity/Q109574953	House of Nassau-Siegen (1623-1734)					
http://www.wikidata.org/entity/Q109669383	Q109669383					
http://www.wikidata.org/entity/Q109829609	Zent Mudau					
http://www.wikidata.org/entity/Q109968532	16th century Germany					
http://www.wikidata.org/entity/Q110147623	Q110147623					
http://www.wikidata.org/entity/Q110201459	Q110201459					
http://www.wikidata.org/entity/Q110202575	Q110202575					
http://www.wikidata.org/entity/Q110204141	Q110204141					
http://www.wikidata.org/entity/Q110279047	Q110279047					
http://www.wikidata.org/entity/Q110293312	Roman Catholic Bishop of Wrocław					
http://www.wikidata.org/entity/Q110442150	Cemetery of Malval, Dardagny					
http://www.wikidata.org/entity/Q110599519	Cemetery of the Saint-Hippolyte church					
http://www.wikidata.org/entity/Q110603542	Austrian Internuncio in Istanbul					
http://www.wikidata.org/entity/Q110636748	Archduke of Austria					
http://www.wikidata.org/entity/Q110678148	Cemetery of Schaan					
http://www.wikidata.org/entity/Q110678800	Cemetery of Bendern					
http://www.wikidata.org/entity/Q110693378	ambassador of the Holy Roman Empire					
http://www.wikidata.org/entity/Q110693386	ambassador to the Holy Roman Empire					
http://www.wikidata.org/entity/Q110768793	Q110768793					
http://www.wikidata.org/entity/Q66759158	Ferdinandsdorf	12225263	http://www.wikidata.org/entity/Q12548	http://www.wikidata.org/entity/Q8359	1712-01-01T00:00:00Z	http://www.wikidata.org/entity/Q1405076
http://www.wikidata.org/entity/Q66759158	Ferdinandsdorf	12225263	http://www.wikidata.org/entity/Q186320	http://www.wikidata.org/entity/Q8359	1712-01-01T00:00:00Z	http://www.wikidata.org/entity/Q1405076
http://www.wikidata.org/entity/Q110905532	Q110905532					
http://www.wikidata.org/entity/Q110930409	Old cemetery of the catholic church of Saint Peter and Paul in Confignon					
http://www.wikidata.org/entity/Q110931244	Old Cemetery of the Temple of Satigny					
http://www.wikidata.org/entity/Q110935695	Old cemetery of the Temple of Dardagny					
http://www.wikidata.org/entity/Q110966103	Former cemetery of the Saint Maurice church in Bernex, Switzerland					
http://www.wikidata.org/entity/Q110970190	Q110970190					
http://www.wikidata.org/entity/Q111182601	Cemetery of Saint-Gervais in Geneva					
http://www.wikidata.org/entity/Q111441869	ambassador of the Holy Roman Empire to Prussia					
http://www.wikidata.org/entity/Q111473130	Amt Born					
http://www.wikidata.org/entity/Q111651227	Q111651227					
http://www.wikidata.org/entity/Q112136911	Duke of Mirandola					
http://www.wikidata.org/entity/Q112176389	Q112176389					
http://www.wikidata.org/entity/Q112235011	Q112235011					
http://www.wikidata.org/entity/Q112690876	Cologne Mark					
http://www.wikidata.org/entity/Q112764010	Q112764010					
http://www.wikidata.org/entity/Q113213476	Rode Toren (Heteren)					
http://www.wikidata.org/entity/Q113248439	Vredestein (Driel)					
http://www.wikidata.org/entity/Q113289395	Kasteel Maurik					
http://www.wikidata.org/entity/Q113375890	Aelbrechtsberg					
http://www.wikidata.org/entity/Q113432062	Huis te Dodewaard					
http://www.wikidata.org/entity/Q113432354	Hof d'Ooy					
http://www.wikidata.org/entity/Q113557716	Huis te Geldermalsen					
http://www.wikidata.org/entity/Q113557731	Burcht te Malsen					
http://www.wikidata.org/entity/Q113624577	Huis te Rumpt					
http://www.wikidata.org/entity/Q113630989	Huis Leegpoel					
http://www.wikidata.org/entity/Q113631324	Q113631324					
http://www.wikidata.org/entity/Q113636275	Q113636275					
http://www.wikidata.org/entity/Q113665721	Kasteel van Gellicum					
http://www.wikidata.org/entity/Q113703105	Geerestein					
http://www.wikidata.org/entity/Q113816252	Margrave of Tuscany					
http://www.wikidata.org/entity/Q113877595	Uilenburg					
http://www.wikidata.org/entity/Q113962053	Oldenhof					
http://www.wikidata.org/entity/Q113996367	Nijburg					
http://www.wikidata.org/entity/Q114068662	De Parck					
http://www.wikidata.org/entity/Q114069044	’s-Grevenhoef					
http://www.wikidata.org/entity/Q114152840	Dooyenburg					
http://www.wikidata.org/entity/Q114194409	Waddestein					
http://www.wikidata.org/entity/Q114344715	Leyenburg (kasteel)					
http://www.wikidata.org/entity/Q114352526	Huis te Spijk					
http://www.wikidata.org/entity/Q114408743	Huis te Tuil					
http://www.wikidata.org/entity/Q114419926	Huis Opijnen					
http://www.wikidata.org/entity/Q114495752	De Goudbloem					
http://www.wikidata.org/entity/Q114496754	Lievenstein					
http://www.wikidata.org/entity/Q114666025	De Nesch					
http://www.wikidata.org/entity/Q114676724	Huis te Varik					
http://www.wikidata.org/entity/Q114677956	Huis te Hellouw					
http://www.wikidata.org/entity/Q114839922	Bruges treaty (1206)					
http://www.wikidata.org/entity/Q114889515	Roman Catholic Bishop of Constance					
http://www.wikidata.org/entity/Q115101282	Tolhuis					
http://www.wikidata.org/entity/Q115124810	Q115124810					
http://www.wikidata.org/entity/Q115166488	Leykam family					
http://www.wikidata.org/entity/Q115298111	Lensenburg					
http://www.wikidata.org/entity/Q115367912	Leeuwenbergh (Boven-Leeuwen)					
http://www.wikidata.org/entity/Q115436724	Huis te Winssen					
http://www.wikidata.org/entity/Q115574993	Slot Wilp					
http://www.wikidata.org/entity/Q115604991	Uilenburg (Ewijk)					
http://www.wikidata.org/entity/Q115679173	Counts of Barby					
http://www.wikidata.org/entity/Q115707270	Slot Ten Houte					
http://www.wikidata.org/entity/Q115776867	Free imperial city of Hamburg					
http://www.wikidata.org/entity/Q115916866	Sleeburg (kasteel)					
http://www.wikidata.org/entity/Q116060636	Peace of Donchery					
http://www.wikidata.org/entity/Q116215373	imperial city					
http://www.wikidata.org/entity/Q116215378	free city					
http://www.wikidata.org/entity/Q116245883	Huis Loil					
http://www.wikidata.org/entity/Q116259886	Aardenburg (kasteel)					
http://www.wikidata.org/entity/Q116443736	Coldenhove (kasteel)					
http://www.wikidata.org/entity/Q116635351	Schloss Pasenbach					
http://www.wikidata.org/entity/Q116636298	Schloss Pellheim					
http://www.wikidata.org/entity/Q116760924	Q116760924					
http://www.wikidata.org/entity/Q116763949	1764 Woldegk tornado					
http://www.wikidata.org/entity/Q116810164	House of Arborio di Gattinara					
http://www.wikidata.org/entity/Q116896904	Archduchy of Austria below the Enns					
http://www.wikidata.org/entity/Q116897488	Q116897488					
http://www.wikidata.org/entity/Q117485795	Hof te Seelbeek					
http://www.wikidata.org/entity/Q117754979	Hochstift Merseburg					
http://www.wikidata.org/entity/Q2487	Thirty Years' War					
http://www.wikidata.org/entity/P9441	Wissens-Aggregator Mittelalter und Frühe Neuzeit ID					
http://www.wikidata.org/entity/Q10051	Oudewater					
http://www.wikidata.org/entity/Q18244	Fürst					
http://www.wikidata.org/entity/Q34762	Principality of Bayreuth					
http://www.wikidata.org/entity/Q42199	Principality of Ansbach					
http://www.wikidata.org/entity/Q46825	Gothic art					
http://www.wikidata.org/entity/Q48189	Teutonic Order					
http://www.wikidata.org/entity/Q50793	Pappenheim (state)					
http://www.wikidata.org/entity/Q57318	free imperial city					
http://www.wikidata.org/entity/Q64909	field marshal-lieutenant					
