institution_old,institution_new
gemeinschaftlich kurpfälzisch-kurbayerisches Reichsvikatiatshofgericht,"Reichsvikariatshofgericht, Kurpfalz-Kurbayern"
Graf von Metternich-Winneburg[-Beilstein],"Privathaus, Graf von Metternich-Winneburg-Beilstein] ###"
Gymnasium,Gymnasium ###
Jesuiten,Jesuiten ###
Jesuitengymnasium,Jesuitengymnasium ###
Kaiser,Kaiser ###
"Königreich Bayern, Staatsministerium der Justiz","Königreich Bayern, Justizministerium"
Kurfürstentum Mainz / kaiserlicher Hof,"Kaiser, Hof"
"Kurfürstentum Mainz, Großes Hospital zu Erfurt","Kurfürstentum Mainz, Großes Hospital Erfurt"
Niedersächsischer Reichskreis / Kaiser,"Reichskreis, Niedersachsen"
Rheinische Reichsritterscahft,"Reichsritterschaft, Rhein"
"Schwäbische Reichsritterschaft, Kanton im Hegau, Allgäu und am Bodensee","Schwäbische Reichsritterschaft, Kanton Hegau-Allgäu-Bodensee"
Zentraldepartement,Zentraldepartement
[Kammer zu Erfurt],"Kurfürstentum Mainz, Kammer Erfurt]"
böhmisch-österreichische Hofkanzlei,"Königreich Böhmen, Hofkanzlei / Erzherzogtum Österreich, Hofkanzlei"
"Erfurter Staat, Kommerziendeputation","Kurfürstentum Mainz, Kommerziendeputation Erfurt"
"Erzbistum Mainz, Stift B.M.V. zu Erfurt",Kollegiatstift St. Maria Erfurt
evangelisch,*
Fürstbischof von Augsburg,Fürstbischof von Augsburg
Philipp Wilhelm von Boineburg #233,"Person, Philipp Wilhelm von Boineburg #233"
Vereinigte K.K. Hofkanzlei,"Kaiserreich Österreich, Vereinigte K.K. Hofkanzlei"
Akademie Bamberg,Akademie Bamberg
"""Freimaurerloge ""Joseph zu den drei Helmen""","Freimaurer, Loge ""Joseph zu den drei Helmen"" [+ Ort?]"
?],@
@,###
[?],@
"[Kurfürstentum Mainz, Kammer zu Erfurt]","Kurfürstentum Mainz, Kammer Erfurt]"
"[Kurfürstentum Mainz, Kammer zu Erfurt]","Kurfürstentum Mainz, Kammer Erfurt]"
"[Kurfürstentum Mainz, Regierung zu Erfurt]","Kurfürstentum Mainz, Regierung Erfurt]"
"[Kurfürstentum Mainz, Stadtrat zu Erfurt ?]","Kurfürstentum Mainz, Stadtrat Erfurt ?]"
"[Kurfürstentum Mainz, Vizedomamt Erfurt]","Kurfürstentum Mainz, Vizedomamt Erfurt]"
"[Kurfürstentum Mainz, Vizedomamt zu Erfurt]","Kurfürstentum Mainz, Vizedomamt Erfurt]"
[Kurfürstentum Mainz],Kurfürstentum Mainz]
Kurfürst, Kurfürstentum Mainz
[Regierung zu Erfurt?],"Kurfürstentum Mainz, Regierung Erfurt?]"
[Regierung zu Erfurt],"Kurfürstentum Mainz, Regierung Erfurt]"
[Stadtgericht],"Kurfürstentum Mainz, Weltliches Gericht Erfurt]"
[Stadtrat zu Erfurt],"Kurfürstentum Mainz, Stadtrat Erfurt]"
[Universität Erfurt],Universität Erfurt]
[Universität Mainz],Universität Mainz]
[Vizedomamt],"Kurfürstentum Mainz, Vizedomamt Erfurt]"
[Weltliches Gericht?],"Kurfürstentum Mainz, Weltliches Gericht Erfurt]"
2. Bayerische Kammer,"Königreich Bayern, Kammer der Abgeordneten"
Adam Tils $ Advokat,"Advokatur, Adam Tils"
adliges Haus derer von Besche,"Privathaus, von Besche"
Akademie der Wissenschaften,Akademie der Wissenschaften München
Akademie der Wissenschaften zu Erfurt,Akademie nützlicher Wissenschaften Erfurt
Akademie nützlicher Wissenschaften,Akademie nützlicher Wissenschaften Erfurt
Akademisches Gymnasium,Akademisches Gymnasium Konstanz
Allerheiligenkirche,Allerheiligenkirche Erfurt
Allerheiligenkirche Erfurt,Allerheiligenkirche Erfurt
Amt Alach,"Kurfürstentum Mainz, Amt Alach"
Amt Azmannsdorf,"Kurfürstentum Mainz, Amt Azmannsdorf"
Amt Fritzlar,"Kurfürstentum Mainz, Amt Fritzlar"
Amt Fritzlar],"Kurfürstentum Mainz, Amt Fritzlar]"
Amt Gleichenstein,"Kurfürstentum Mainz, Amt Gleichenstein"
Amt Harburg,"Kurfürstentum Mainz, Amt Harburg"
Amt Mühlberg,"Kurfürstentum Mainz, Amt Mühlberg"
Amt Naumburg,"Kurfürstentum Mainz, Amt Naumburg"
Amt Sömmerda,"Kurfürstentum Mainz, Amt Sömmerda"
Amt Sontra,"Kurfürstentum Mainz, Amt Sontra"
Amt Tonndorf,"Kurfürstentum Mainz, Amt Tonndorf"
Amt Treffurt],"Kurfürstentum Mainz, Amt Treffurt]"
Amt Vippach,"Kurfürstentum Mainz, Amt Vippach"
Amt Vippach],"Kurfürstentum Mainz, Amt Vippach]"
Andreanum,Andreanum Hildesheim
Andreasgemeinde,Andreasgemeinde Erfurt
Andreasschule,Andreanum Hildesheim
Appellationsgericht für Böhmen und Mähren,"Appellationsgericht, Böhmen / Mähren"
Assoziationstag der Reichskreise,"Assoziationstag, Reichskreise"
Athenäum,Athenäum Trier
Augustinergemeinde,Augustinergemeinde Erfurt
Augustinerkirche zu Erfurt,Augustinerkirche Erfurt
Augustinerschule,Augustinerschule Erfurt
außerordentliche Reichsdeputation,"Reichsdeputation, außerordentliche"
Barfüßerkirche,Barfüßerkirche Erfurt
Barfüßerkirchengemeinde,Barfüßerkirche Erfurt
Barfüßerschule,Barfüßerschule Erfurt
Baron Heinrich Horn,"Privathaus, Baron Heinrich Horn"
Bayerische Akademie der Wissenschaften,Bayerische Akademie der Wissenschaften
Bayerische Deputiertenkammer,"Königreich Bayern, Kammer der Abgeordneten"
Bayerische Ständekammer,"Königreich Bayern, Kammer der Abgeordneten"
Bistum Konstanz,Bistum Konstanz
Bistum Regensburg,Bistum Regensburg
Bistum Worms,Bistum Worms
Boineburgische Bibliothek,Boineburgische Bibliothek Erfurt
Boineburgische Bibliothek in der Juristenschule,Boineburgische Bibliothek Erfurt
"Brau- und Armendirektion, kurmainzische","Kurfürstentum Mainz, Brau- und Armendirektion"
Breisgauische Reichsritterschaft,"Reichsritterschaft, Breisgau"
Buchbinderzunft,Buchbinderzunft Erfurt
Bürgerschaft,Stadt Erfurt
Bürgerschaft zu Erfurt,Stadt Erfurt
Catharinenschule,Catharinenschule Braunschweig
Chor der Nikolaikirche,"Nikolaikirche Berlin, Chor"
Claproth,"Privatperson, Claproth"
Collegium Germanicum,Collegium Germanicum Rom
Collegium PP. S. Jesu,Jesuitenkolleg Erfurt
Collegium Saxonicum,Collegium Saxonicum Erfurt
Consilium Secretum Academicum,"Universität Erfurt, Consilium Secretum Academicum"
Cyriaxkloster,Cyriaxkloster Erfurt
Departement Aschaffenburg,"Großherzogtum Frankfurt, Departement Aschaffenburg"
Deutsche Bundesversammlung,Deutsche Bundesversammlung
Deutsche Nation Löwen,Deutsche Nation Löwen
Deutscher Bundestag,Deutscher Bundestag
Deutscher Orden,Deutscher Orden
"Deutscher Orden, Ballei Franken","Deutscher Orden, Ballei Franken"
"Deutscher Orden, Regierung zu Mergentheim","Deutscher Orden, Regierung  Mergentheim"
Domkapitel Mainz],Domstift Mainz]
Domkapitel Trier],Domstift Trier]
Domkapitel zu Mainz],Domstift Mainz]
Domstift,Domstift
Domstift Halberstadt,Domstift Halberstadt
Domstift Mainz,Domstift Mainz
Domstift Speyer,Domstift Speyer
Domstift Trier,Domstift Trier
Domstift Worms,Domstift Worms
Domstift Würzburg,Domstift Würzburg
Domstift zu Konstanz,Domstift Konstanz
Domstift zu Mainz,Domstift Mainz
Domstift zu Speyer,Domstift Speyer
Domstift zu Trier,Domstift Trier
Domstift zu Trier],Domstift Trier]
Domstift zu Worms,Domstift Worms
Domstift zu Würzburg,Domstift Würzburg
Domstift zu Würzburg],Domstift Würzburg]
Dr. Linden (Lynden),"Advokatur, Dr. Linden"
Erfurter Akademie,Akademie nützlicher Wissenschaften Erfurt
Erfurter Bibliothek,Boineburgische Bibliothek Erfurt
Erfurter Staat,Erfurter Staat
"Erfurter Staat, Kammer zu Erfurt","Kurfürstentum Mainz, Kammer Erfurt"
"Erfurter Staat, Regierung zu Erfurt","Kurfürstentum Mainz, Regierung Erfurt"
"Erfurter Staat, Vizedomamt Erfurt","Kurfürstentum Mainz, Vizedomamt Erfurt"
"Erfurter Staat, Weltliche Gerichte","Kurfürstentum Mainz, Weltliches Gericht Erfurt]"
Erfurter Staat],"Kurfürstentum, Mainz, Erfurter Staat]"
"erzbischöfliche Pagerie ""Gregorianum""",Pagerie Gregorianum Salzburg
Erzbistum Mainz,Erzbistum Mainz
Erzbischof, Erzbistum Mainz
"Erzbistum Mainz, Geistliches Gericht zu Erfurt","Erzbistum Mainz, Geistliches Gericht Erfurt"
"Erzbistum Mainz, Stift St. Severi zu Erfurt",Kollegiatstift St. Severus Erfurt
Erzbistum Regensburg,Erzbistum Regensburg
Erzbistum Regensburg?],Erzbistum Regensburg?]
Erzbistum Regensburg],Erzbistum Regensburg]
evangelische Kirche,evangelische Kirche
Evangelischer Rat,Evangelisches Ministerium Erfurt
Evangelisches Ministerium,Evangelisches Ministerium Erfurt
Evangelisches Ministerium],Evangelisches Ministerium Erfurt]
Evangelisches Ratsgymnasium,Evangelisches Ratsgymnasium
Evangelisches Weisenhaus,Evangelisches Weisenhaus Erfurt
evangelisch-lutherisch,@
evangelisch-reformiert,@
Flößholzamt,Kurfürstentum Mainz
Franckesches Pädagogium,Franckesches Pädagogium Halle
Fränkische Kreistage,"Reichskreis, Franken, Kreistag"
Fränkische Reichsritterschaft,"Reichsritterschaft, Franken"
"Fränkische Reichsritterschaft, Kanton Baunach","Reichsritterschaft, Franken, Kanton Baunach"
"Fränkische Reichsritterschaft, Kanton Odenwald","Reichsritterschaft, Franken, Kanton Odenwald"
"Fränkische Reichsritterschaft, Kanton Rhön-Werra","Reichsritterschaft, Franken Kanton Rhön-Werra"
Franz Freiherr von Fürstenberg,Privatperson: Franz Freiherr von Fürstenberg
Franz Konrad Graf Stadion (1679-1757),Privatperson: Franz Konrad Graf Stadion (1679-1757)
Freie Zeichenschule,Freie Zeichenschule
Freiherrnklasse der kgl. bayerischen Adelsmatrikel,@
"Freimaurerische Provinzialloge ""Joseph zum Reichsadler""","Freimaurer, Provinzialloge ""Joseph zum Reichsadler"" Wetzlar"
Freimaurerloge Joseph zu den drei Helmen,"Freimaurer, Loge ""Joseph zu den drei Helmen"" Wetzlar"
Fürst von Hohenzollern-Hechingen,Fürstentum Hohenzollern-Hechingen
Fürst von Hohenzollern-Sigmaringen,Fürstentum von Hohenzollern-Sigmaringen
Fürst von Löwenstein-Wertheim,Fürstentum von Löwenstein-Wertheim
Fürstbischof von Konstanz,Fürstbischof von Konstanz
fürstbischöflich salzburgischer Hofrat,"Fürstbistum Salzburg, Hofrat"
"Fürstbistum Bamberg, Hofgericht","Fürstbistum Bamberg, Hofgericht"
"Fürstbistum Bamberg, Hofkammer","Fürstbistum Bamberg, Hofkammer"
"Fürstbistum Bamberg, Hofkriegsrat","Fürstbistum Bamberg, Hofkriegsrat"
"Fürstbistum Bamberg, Obereinnahme","Fürstbistum Bamberg, Obereinnahme"
"Fürstbistum Bamberg, Regierung","Fürstbistum Bamberg, Regierung"
"Fürstbistum Hildesheim, Offizialatsgericht","Fürstbistum Hildesheim, Offizialatsgericht"
Fürstbistum Konstanz,Fürstbistum Konstanz
"Fürstbistum Münster, Landesgerichte","Fürstbistum Münster, Landesgerichte"
"Fürstbistum Münster, Landesgerichte","Fürstbistum Münster, Landesgerichte"
"Fürstbistum Münster, Untergerichte","Fürstbistum Münster, Untergerichte"
"Fürstbistum Münster, Untergerichte","Fürstbistum Münster, Untergerichte"
Fürstbistum Salzburg,Fürstbistum Salzburg
"Fürstbistum Salzburg, Pflege Mühldorf am Inn","Fürstbistum Salzburg, Pflege Mühldorf am Inn"
Fürstbistum Speyer,Fürstbistum Speyer
Fürstbistum Worms,Fürstbistum Worms
Fürstbistum Würzburg,Fürstbistum Würzburg
"Fürstbistum Würzburg, Geheime Kanzlei","Fürstbistum Würzburg, Geheime Kanzlei"
"Fürstbistum Würzburg, Juliusspital",Juliusspital Würzburg
"Fürstbistum Würzburg, Vizedomamt in Würzburg","Fürstbistum Würzburg, Vizedomamt Würzburg"
"Fürstbistum Würzburg, weltliche Regierung","Fürstbistum Würzburg, weltliche Regierung"
Fürstentum Aschaffenburg,Fürstentum Aschaffenburg
Fürstentum Erfurt,Fürstentum Erfurt
Fürstentum Halberstadt,Fürstentum Halberstadt
"Fürstentum Halberstadt, Salpeterwerk","Fürstentum Halberstadt, Salpeterwerke"
"Fürstentum Nassau, Oberappellationsgericht","Fürstentum Nassau, Oberappellationsgericht Hadamar"
Fürstentum Regensburg,Fürstentum Regensburg
Fürstentum Sachsen,Fürstentum Sachsen
Fürstentum Sachsen,Fürstentum Sachsen
Fürstentum Schwarzburg-Sondershausen],Fürstentum Schwarzburg-Sondershausen]
fürstlich nassauisches gemeinschaftliches Oberappellationsgericht,"Fürstentum Nassau, Oberappellationsgericht Hadamar"
"Fürstprimatialischer Staat, Landesregierung","Fürstentum Regensburg, Landesregierung"
Geheime Hofkanzlei,"Kurfürstentum Mainz, Geheime Hofkanzlei"
Geheime Kabinettskonferenz,"Kurfürstentum Mainz, Geheime Kabinettskonferenz"
Geheime Staatskonferenz,"Kurfürstentum Mainz, Geheime Staatskonferenz"
Geheimes Staatskabinett,"Kurfürstentum Mainz, Geheimes Staatskabinett"
Geheimorden der Gold- und Rosenkreuzer,Geheimorden der Gold- und Rosenkreuzer
Geheimorden der Gold- und Rosenkreuzer,Geheimorden der Gold- und Rosenkreuzer
geistliche Gerichte zu Erfurt,"Erzbistum Mainz, Geistliches Gericht Erfurt"
geistliches Gericht,"Erzbistum Mainz, Geistliches Gericht Erfurt"
Geistliches Gericht zu Erfurt,"Erzbistum Mainz, Geistliches Gericht Erfurt"
Geistliches Gericht],"Erzbistum Mainz, Geistliches Gericht Erfurt]"
Geistliches Gericht],"Erzbistum Mainz, Geistliches Gericht Erfurt]"
Generalstudienkommission zu Karlsruhe,"Großherzogtum Baden, Generalstudienkommission"
Generalstudienkommission zu Karlsruhe,"Großherzogtum Baden, Generalstudienkommission"
General-Studienkommission zu Karlsruhe,"Großherzogtum Baden, Generalstudienkommission"
General-Studienkommission zu Karlsruhe,"Großherzogtum Baden, Generalstudienkommission"
Graf Carl Gustab Wrangel,"Privathaus, Graf Carl Gustab Wrangel ###"
Graf Johann Ludwig zu Gleichen,"Privathaus, Graf Johann Ludwig zu Gleichen ###"
Graf Philipp Ernst zu Gleichen,"Privathaus, Graf Philipp Ernst zu Gleichen ###"
Graf Philipp Reinhard zu Solms,"Privathaus, Graf Philipp Reinhard zu Solms ###"
Graf von Gleichen,"Privathaus, Graf von Gleichen ###"
Graf von Solms,"Privathaus, Graf von Solms ###"
Grafen von Hatzfeld,"Privathaus, Grafen von Hatzfeld ###"
Grafen von Hatzfeld-Gleichen,"Privathaus, Grafen von Hatzfeld-Gleichen ###"
Gräfin von Henneberg,"Privathaus, Gräfin von Henneberg ###"
Gräfin-Witwe Sophie von Henneberg geb. Herzogin zu Braunschweig-Lüneburg,"Privathaus, Gräfin-Witwe Sophie von Henneberg geb. Herzogin Braunschweig-Lüneburg ###"
Grafschaft,Grafschaft Wetzlar
Grafschaft Blankenhain,Grafschaft Blankenhain
Großes Hospital,Großes Hospital Erfurt
Großes Hospital zu Erfurt,Großes Hospital Erfurt
Großherzogtum Baden,Großherzogtum Baden
"Großherzogtum Baden, Departement des Innern","Großherzogtum Baden, Departement des Innern"
"Großherzogtum Baden, Departement des Innern]","Großherzogtum Baden, Departement des Innern]"
"Großherzogtum Baden, Generalstudienkommission","Großherzogtum Baden, Generalstudienkommission"
"Großherzogtum Baden, Generalstudienkommission zu Karlsruhe","Großherzogtum Baden, Generalstudienkommission"
"Großherzogtum Baden, Hofgericht","Großherzogtum Baden, Hofgericht"
"Großherzogtum Baden, Innenministerium","Großherzogtum Baden, Innenministerium"
"Großherzogtum Baden, Ministerium des Innern","Großherzogtum Baden, Innenministerium"
"Großherzogtum Baden, Oberhofgericht","Großherzogtum Baden, Oberhofgericht Mannheim"
"Großherzogtum Baden, Polizeidepartement","Großherzogtum Baden, Polizeidepartement"
Großherzogtum Frankfurt,Großherzogtum Frankfurt
"Großherzogtum Frankfurt, Finanzministerium","Großherzogtum Frankfurt, Finanzministerium"
"Großherzogtum Frankfurt, Kassationshof","Großherzogtum Frankfurt, Kassationshof"
"Großherzogtum Frankfurt, Landesdirektion in Aschaffenburg","Großherzogtum Frankfurt, Landesdirektion Aschaffenburg"
"Großherzogtum Frankfurt, Ministerium der Justiz, des Innern und der Polizei","Großherzogtum Frankfurt, Justiz- und Innenministerium"
"Großherzogtum Frankfurt, Ministerium der Justiz, des Innern und der Polizei","Großherzogtum Frankfurt, Justiz- und Innenministerium"
"Großherzogtum Frankfurt, Staatsrat","Großherzogtum Frankfurt, Staatsrat"
"Großherzogtum Hessen, Provinz Oberhessen","Großherzogtum Hessen, Provinz Oberhessen"
Gymnasium Bonn,Gymnasium Bonn
Gymnasium Gotha,Gymnasium Gotha
Gymnasium Montanum,Gymnasium Montanum Köln
Gymnasium Tricoronatum,Gymnasium Tricoronatum Köln
Gymnasium zu Gotha,Gymnasium  Gotha
Gynmasium,Gymnasium
Heiliges Römisches Reich,Heiliges Römisches Reich
Herzog von Sachsen-Eisenach,Herzog von Sachsen-Eisenach
Herzog von Württemberg,Herzog von Württemberg
herzoglich braunschweigischer Hof,"Herzogtum Braunschweig, Hof"
Herzogtum Magdeburg,Herzogtum Magdeburg
"Herzogtum Magdeburg, Salpeterwerk","Herzogtum Magdeburg, Salpeterwerke"
"Herzogtum Nassau, Oberappelationsgericht","Herzogtum Nassau, Oberappelationsgericht"
Herzogtum Sachsen-Gotha,Herzogtum Sachsen-Gotha
"Hessen-Braubach, Landgraf Johannes","Hessen-Braubach, Landgraf Johannes"
Hildesheimische Republik ?],Hildesheimische Republik ?]
Hofgericht,Hofgericht
Hofrats- und Landesregierungskollegium,Hofrats- und Landesregierungskollegium
Illuminatenorden,Illuminatenorden
"Illuminatenorden, Loge ""Johannes zur brüderlichen Liebe""","Illuminatenorden, Loge ""Johannes zur brüderlichen Liebe"""
"Illuminatenorden, Loge ""Karl zu den drei Rädern""","Illuminatenorden, Loge ""Karl zu den drei Rädern"""
"Illuminatenorden, Mainz und Rheinpfalz","Illuminatenorden, Mainz und Rheinpfalz"
"Illuminatenorden, Niederlassung in Wetzlar namens Sebaste","Illuminatenorden, Wetzlar, ""Sebaste"""
Jagstkreis,Jagstkreis
Jesuitengymna,Jesuitengymnasium
Jesuitengymnasium Koblenz,Jesuitengymnasium Koblenz
Jesuitengymnasium Wetzlar,Jesuitengymnasium Wetzlar
Jesuitengymnasium zu Heiligenstadt,Jesuitengymnasium Heiligenstadt
Jesuitenkolleg,Jesuitenkolleg Erfurt
Jesuitenkolleg zu Erfurt,Jesuitenkolleg Erfurt
Jesuitenschule,Jesuitengymnasium Heiligenstadt
Jesuitenseminar,Jesuitenseminar Fulda
Johann Stephan Pütter,Privatperson: Johann Stephan Pütter
k.k. Josephinisches Lyzeum,Josephinisches Lyzeum Konstanz
kaiserlich königliche vorderösterreichische Regierung,kaiserlich königliche vorderösterreichische Regierung
"kaiserlich königliches Militär, General Sinceresches Infanterieregiment","kaiserlich königliches Militär, General Sinceresches Infanterieregiment"
Kaiserliche Geheime Konferenz,Kaiserliche Geheime Konferenz
Kaiserlicher Hof,"Kaiser, Hof"
Kaiserliches Landgericht,Kaiserliches Landgericht Bamberg
Kaiserliches Landgericht des Herzogtums Franken,Kaiserliches Landgericht Würzburg
Kaiserliches Militär,Kaiserliches Militär
Kaiserwahl,Königs- und Kaiserwahlkonvent
Kammer zu Erfurt,"Kurfürstentum Mainz, Kammer Erfurt"
Kammer zu Erfurt],"Kurfürstentum Mainz, Kammer Erfurt]"
Kammeramt,"Kurfürstentum Mainz, Kammeramt Mainz"
Kanzler Veit Ludwig von Seckendorf,Privatperson: Kanzler Veit Ludwig von Seckendorf
Karl Johann Alexander Freiherr von Rotenhan,Privathaus: Karl Johann Alexander Freiherr von Rotenhan
Karl-Universität Aschaffenburg,Universität Aschaffenburg
katholisch,katholisch
katholisch],katholisch]
Katholische Kirche,Katholische Kirche
Katholische Westfälische Reichsgrafen,"Reichskammergerichtsvisitation, 2. Klasse"
Kaufmannsgemeinde,Kaufmannsgemeinde Erfurt
Kaufmannskirche,Kaufmannsgemeinde Erfurt
Kaufmannsschule,Kaufmannsschule Erfurt
Kirche,@
Kleines Hospital,Kleines Hospital Erfurt
Kloser Reiffenstein,Kloster Reiffenstein
Kollegiatstift St. Alban,Ritterstift St. Alban Mainz
Kollegiatstift St. Maria,Kollegiatstift St. Maria Erfurt
Kollegiatstift St. Peter und Alexander,Kollegiatstift St. Peter und Alexander Aschaffenburg
Kollegiatstift St. Severin,Kollegiatstift St. Severus Erfurt
Kollegiatstift St. Severus,Kollegiatstift St. Severus Erfurt
Kollegiatstift St. Stephan,Kollegiatstift St. Stephan Mainz
Kollegiatstift St. Viktor,Kollegiatstift St. Viktor Mainz
Kommerz-Deputation,"Kurfürstentum Mainz, Kommerziendeputation"
"Kommerziendeputation, kurmainzische","Kurfürstentum Mainz, Kommerziendeputation"
Königin von Polen und Kurfürstin von Sachsen,Königreich Polen / Kurfürstentum Sachsen
königlich bayerischer Hof,"Königreich Bayern, Hof"
königlich großbritannische-kurbraunschweigische Justizkanzlei,"Kurfürstentum Braunschweig, Justizkanzlei"
königlich großbritannische-kurbraunschweigische Justizkanzlei,"Kurfürstentum Braunschweig, Justizkanzlei"
königlich hannoveranischer Hof,"Königreich Hannover, Hof"
Königlich-württembergischer katholischer Geistlicher Rat (Kirchenrat),"Königreich Württemberg, Kirchenrat"
"Königlich-württembergisches Oberjustizkollegium, 1. Senat","Königreich Württemberg, Oberjustizkollegium, 1. Senat"
"Königreich Bayern, Geheimer Rat","Königreich Bayern, Geheimer Rat"
"Königreich Bayern, Justizdepartement","Königreich Bayern, Justizdepartement"
"Königreich Bayern, Justizministerium","Königreich Bayern, Justizministerium"
"Königreich Bayern, Oberappelationsgericht","Königreich Bayern, Oberappellationsgericht"
"Königreich Bayern, Oberappellationsgericht","Königreich Bayern, Oberappellationsgericht München"
"Königreich Bayern, Oberappellationsgericht Amberg","Königreich Bayern, Oberappellationsgericht Amberg"
"Königreich Bayern, Oberappellationsgericht Ansbach","Königreich Bayern, Oberappellationsgericht Ansbach"
"Königreich Bayern, Oberappellationsgericht Straubing","Königreich Bayern, Oberappellationsgericht Straubing"
"Königreich Bayern, Oberste Justizstelle","Königreich Bayern, Oberste Justizstelle Ulm"
"Königreich Bayern, Oberste Justizstelle für Franken","Königreich Bayern, Oberste Justizstelle Bamberg"
"Königreich Bayern, Sektion der Justiz","Sektion der Justiz,  Königreich Bayern"
"Königreich Bayern, Sektion der Justiz","Königreich Bayern, Sektion der Justiz"
"Königreich Bayern, Staatsrat","Königreich Bayern, Staatsrat"
"Königreich Frankreich, Elsässisches Regiment","Königreich Frankreich, Elsässisches Regiment"
Königreich Polen,Königreich Polen
"Königreich Preußen, Kriegs- und Domänenkammer","Königreich Preußen, Kriegs- und Domänenkammer"
"Königreich Preußen, Regierung","Königreich Preußen, Regierung"
Königreich Schweden,Königreich Schweden
"Königriech Schweden, Armee","Königriech Schweden, Militär"
Königs- und Kaiserwahl Franz' II.,Königs- und Kaiserwahlkonvent
Kreis-Feuer-Sozietät des Fürstentums Erfurt und der Herrschaft Blankenhain,Kreis-Feuer-Sozietät Erfurt
Kreis-Infanterie-Regiment von Kerpen,"Fürstbistum Würzburg, Kreis-Infanterie-Regiment von Kerpen"
Kreuz-Stift,Kollegiatstift Heiligkreuz Hildesheim
Kurbayerischer Hof,"Kurfürstentum Bayern, Hof"
kurbayerischer Hofrat,"Kurfürstentum Bayern, Hofrat"
Kurerzkanzlerstaat,Fürstentum Regensburg
Kurerzkanzlerstaat],Fürstentum Regensburg]
Kurfürst Friedrich August III.,Kurfürstentum Sachsen
Kurfürst Maximilian III.,Kurfürst Maximilian III.
Kurfürst von Mainz,Kurfürstentum Mainz
des Kurfüsten,Kurfürstentum Mainz
Kurfürst von Trier,"Kurfürstentum Trier, ###"
"Kurfürstemtum Mainz, Amt Treffurt","Kurfürstemtum Mainz, Amt Treffurt"
Kurfürstentum Köln,Kurfürstentum Köln
"Kurfürstentum Köln, Oberappellationsgericht","Kurfürstentum Köln, Oberappellationsgericht Bonn"
"Kurfürstentum Köln, Oberappellationsgericht","Kurfürstentum Köln, Oberappellationsgericht Bonn"
"Kurfürstentum Köln, Weltliches Gericht","Kurfürstentum Köln, Weltliches Gericht Köln"
"Kurfürstentum Köln, Weltliches Gericht zu Köln","Kurfürstentum Köln, Weltliches Gericht Köln"
Kurfürstentum Mainz,Kurfürstentum Mainz
"Kurfürstentum Mainz, [Regierung zu Erfurt]","Kurfürstentum Mainz, Regierung Erfurt]"
"Kurfürstentum Mainz, Amt Algesheim]","Kurfürstentum Mainz, Amt Algesheim]"
"Kurfürstentum Mainz, Amt Neubamberg]","Kurfürstentum Mainz, Amt Neubamberg]"
"Kurfürstentum Mainz, Amt Olm]","Kurfürstentum Mainz, Amt Olm]"
"Kurfürstentum Mainz, Amt Vippach]","Kurfürstentum Mainz, Amt Vippach]"
"Kurfürstentum Mainz, Erfurter Staat","Kurfürstentum Mainz, Erfurter Staat"
"Kurfürstentum Mainz, Hof","Kurfürstentum Mainz, Hof"
"Kurfürstentum Mainz, Hofgericht","Kurfürstentum Mainz, Hofgericht"
"Kurfürstentum Mainz, Hofkammer","Kurfürstentum Mainz, Hofkammer"
"Kurfürstentum Mainz, Hofrat- und Landesregierung]","Kurfürstentum Mainz, Hofrat- und Landesregierung]"
"Kurfürstentum Mainz, Hofrats- und Regierungskollegium","Kurfürstentum Mainz, Hofrat- und Landesregierung"
"Kurfürstentum Mainz, Kammer","Kurfürstentum Mainz, Kammer Erfurt"
"Kurfürstentum Mainz, Kammer zu Erfurt]","Kurfürstentum Mainz, Kammer Erfurt]"
"Kurfürstentum Mainz, Kammer zu Erfurt]","Kurfürstentum Mainz, Kammer Erfurt]"
"Kurfürstentum Mainz, Kurfürst Johann Philipp",Kurfürstentum Mainz
"Kurfürstentum Mainz, Regierung zu Erfurt","Kurfürstentum Mainz, Regierung Erfurt"
"Kurfürstentum Mainz, Regierung zu Erfurt]","Kurfürstentum Mainz, Regierung Erfurt]"
"Kurfürstentum Mainz, Stadtgericht Mainz","Kurfürstentum Mainz, Stadtgericht Mainz"
"Kurfürstentum Mainz, Stadtrat zu Erfurt ?]","Kurfürstentum Mainz, Stadtrat Erfurt ?]"
"Kurfürstentum Mainz, Vizedomamt","Kurfürstentum Mainz, Vizedomamt"
"Kurfürstentum Mainz, Vizedomamt Erfurt]","Kurfürstentum Mainz, Vizedomat Erfurt]"
"Kurfürstentum Mainz, Vizedomamt zu Erfurt]","Kurfürstentum Mainz, Vizedomat Erfurt]"
"Kurfürstentum Mainz, Zivil- und Kriminalgericht","Kurfürstentum Mainz, Weltliches Gericht Erfurt]"
Kurfürstentum Mainz],Kurfürstentum Mainz]
"Kurfürstentum Pfalz, Departement der auswärtigen Angelegenheiten","Kurfürstentum Pfalz, Departement der auswärtigen Angelegenheiten"
"Kurfürstentum Pfalz, Pupillenamt","Kurfürstentum Pfalz, Pupillenamt Mannheim"
"Kurfürstentum Pfalz, Regierung","Kurfürstentum Pfalz, Regierung"
"Kurfürstentum Pfalz, Stadtgericht","Kurfürstentum Pfalz, Stadtgericht Mannheim"
Kurfürstentum Sachsen,Kurfürstentum Sachsen
"Kurfürstentum Sachsen, Hof","Kurfürstentum Sachsen, Hof"
"Kurfürstentum Salzburg, Hofgericht","Kurfürstentum Salzburg, Hofgericht"
Kurfürstentum Trier,Kurfürstentum Trier
"Kurfürstentum Trier, Hof","Kurfürstentum Trier, Hof"
"Kurfürstentum Trier, Hofgericht","Kurfürstentum Trier, Hofgericht"
"Kurfürstentum Trier, Hofrentkammer","Kurfürstentum Trier, Hofrentkammer"
"Kurfürstentum Trier, Hohes weltliches Gericht (Schöffengericht)","Kurfürstentum Trier, Hohes weltliches Gericht"
"Kurfürstentum Trier, Hohes weltliches Gericht (Schöffengericht)","Kurfürstentum Trier, Hohes weltliches Gericht"
"Kurfürstentum Trier, Offizialat","Kurfürstentum Trier, Offizialat"
"Kurfürstentum Trier, Revisionsgericht","Kurfürstentum Trier, Revisionsgericht"
kurfürstlich mainzische Stadtgerichte,"Kurfürstentum Mainz, Weltliches Gericht Erfurt"
kurfürstlich mainzisches Gericht,"Kurfürstentum Mainz, Weltliches Gericht Erfurt"
kurfürstlich mainzisches Gericht,"Kurfürstentum Mainz, Weltliches Gericht Erfurt"
Kurfürstliche Akademie nützlicher Wissenschaften,Akademie nützlicher Wissenschaften Erfurt
Kurhessischer Hof,"Kurfürstentum Hessen, Hof"
Kurkölnische Ritterschaft,"Ritterschaft, Kurfürstentum Köln"
Kurpfälzische Gerichte,"Gerichte, Kurpfalz"
Kurrheinischer Kreiskonvent,"Reichskreis, Kurrhein, Kreiskonvent"
"Kurüfrstentum Mainz, Hofkammer","Hofkammer, Kurfürstentum Mainz"
"Kurüfrstentum Mainz, Hofkammer","Hofkammer, Kurfürstentum Mainz"
Land- und Stadtgericht,"Kurfürstentum Mainz, Weltliches Gericht Erfurt"
Landgericht,Landgericht
Landgrafschaft Hessen-Kassel,Landgrafschaft Hessen-Kassel
"Landgrafschaft Hessen-Kassel, Oberappellationsgericht","Landgrafschaft Hessen-Kassel, Oberappellationsgericht Kassel"
"Landgrafschaft Hessen-Kassel, Regierung","Landgrafschaft Hessen-Kassel, Regierung"
Landgrafschaft Hessen-Rheinfels-Rotenburg,Landgrafschaft Hessen-Rheinfels-Rotenburg
Landtag des Herzogtums Westfalen,"Herzogtum Westfalen, Landtag"
Lateinschule in Duderstadt,Lateinschule Duderstadt
lutherisch,lutherisch
Mägdleinschule,Mägdleinschule
Mainzer Hof,"Kurfürstentum Mainz, Hof"
Markgrafschaft Baden,Markgrafschaft Baden
"Markgrafschaft Baden-Baden, Vordere Grafschaft Sponheim","Markgrafschaft Baden-Baden, Vordere Grafschaft Sponheim"
"Markgrafschaft Brandenburg-Ansbach, Hof-, Regierungs- und Justizsenat","Markgrafschaft Brandenburg-Ansbach, Hof-, Regierungs- und Justizsenat"
Merkantildeputation,Merkantildeputation
Ministerrat,Ministerrat
Mittelrheinische Reichsritterschaft,"Reichsritterschaft, Mittelrhein"
Niederrheinische Reichsritterschaft,"Reichsritterschaft, Niederrhein"
Oberamt Amöneburg,"Kurfürstentum Mainz, Oberamt Amöneburg"
Oberamt Amöneburg],"Kurfürstentum Mainz, Oberamt Amöneburg]"
Oberappellationsgericht,"Königreich Bayern, Oberappellationsgericht München"
Oberheinische Reichsritterschaft,"Reichsritterschaft, Oberrhein"
Oberhofgericht,"Großherzogtum Baden, Oberhofgericht Mannheim"
Oberlandgericht zu Heiligenstadt,"Kurfürstentum Mainz, Oberlandgericht Heiligenstadt"
Oberrheinische Reichsritterschaft,"Reichsritterschaft, Oberrhein"
Oberrheinischer Reichskreis,"Reichskreis, Oberrhein"
österreichische Geheime Hof- und Staatskanzlei,"Erzherzogtum Österreich, Geheime Haus-Hof-Staatskanzlei"
"Österreichische Haus-, Hof- und Staatskanzlei","Erzherzogtum Österreich, Geheime Haus-Hof-Staatskanzlei"
"Österreichische Haus-, Hof- und Staatskanzlei, Referat für die deutschen Bundesangelegenheiten","Erzherzogtum Österreich, Geheime Haus-Hof-Staatskanzlei, Referat für die deutschen Bundesangelegenheiten"
Pädagogium Marburg,Pädagogium Marburg
Peterskloster,Peterskloster
Petersstift,Kollegiatstift St. Peter Fritzlar
Polizeydepartement,Polizeydepartement
Predigergemeinde,Predigergemeinde Erfurt
Predigerschule,Predigerschule
"preußisch-sächsische Ausgleichsverhandlungen, österreichische Delegation zur Vermittlung","preußisch-sächsische Ausgleichsverhandlungen, österreichische Delegation r Vermittlung"
Prinz von Dänemark,Prinz von Dänemark
Probstei Wechterswinkel],Probstei Wechterswinkel]
Pütter,Privatperson: Johann Stephan Pütter
Rastatter Kongress,Rastatter Kongress
"Rastatter Kongress, fürstbischöflich würzburgische Gesandtschaft","Rastatter Kongress, Gesandtschaft, Fürstbistum Würzburg"
Ratsgymnasium,Ratsgymnasium Erfurt
Rechtsschule Wetzlar,Rechtsschule Wetzlar
Reformierte Gemeinde zu Marburg,Reformierte Gemeinde  Marburg
Regierung zu Erfurt,"Kurfürstentum Mainz, Regierung Erfurt"
Regierung zu Erfurt,"Kurfürstentum Mainz, Regierung Erfurt"
Regierung zu Erfurt?],"Kurfürstentum Mainz, Regierung Erfurt?]"
Regierung zu Erfurt],"Kurfürstentum Mainz, Regierung Erfurt"
Regierung zu Erfurt],Kurfürstentum Mainz Regierung Erfurt]
Regierung zu Erfurt],Kurfürstentum Mainz Regierung Erfurt]
Regierung zu Erufrt,"Kurfürstentum Mainz, Regierung Erfurt"
Regierung zu Erufrt,"Kurfürstentum Mainz, Regierung Erfurt"
Regierung zzu Erfurt],Kurfürstentum Mainz Regierung Erfurt]
Regierungs-Justizsenat,Regierungs-Justizsenat
Reglergemeinde,Reglergemeinde Erfurt
Reglerkirche,Reglerkirche
Reglerschule,Reglerschule
Reichsabtei Salem (Salmansweiler),Reichsabtei Salem (Salmansweiler)
"Reichshofkanzlei, deutsche Expedition","Heiliges Römisches Reich, Reichshofkanzlei, deutsche Expedition"
"Reichshofkanzlei, lateinische Expedition","Heiliges Römisches Reich, Reichshofkanzlei, lateinische Expedition"
Reichshofrat,Reichshofrat
Reichskammergericht,Reichskammergericht
Reichskammergerichts-Visitationskommission,Reichskammergerichts-Visitationskommission
Reichspostamt Worms,Reichspostamt Worms
Reichsritterschaft,Reichsritterschaft
Reichstag,Reichstag Regensburg
"Reichstag, kurmainzische Direktorialkanzlei","Reichstag Regensburg, Direktorialkanzlei"
"Reichstag, kurmainzische Direktorialkanzlei","Reichstag Regensburg, Direktorialkanzlei"
"Reichstag, kurpfalzbayerische Gesandtschaft",Reichstag Regensburg
Reichstag?],Reichstag Regensburg?]
Reichsversammlung,Reichstag Regensburg
Reichsversammlung / Kurfürstentum Mainz,Reichstag Regensburg
Reichsvikariatshofgericht,Reichsvikariatshofgericht München
Rhein. Vik.Hofgericht,Reichsvikariatshofgericht München
Rheinbund,Rheinbund
Rheinische Reichsritterschaft,"Reichsritterschaft, Rhein"
Ritterakademie,Ritterakademie Wien
Ritterstift St. Alban,Ritterstift St. Alban Mainz
Ritterstift St. Ferrutius zu Bleidenstadt,Ritterstift St. Ferrutius Bleidenstadt
RKG-Assessor Johann Stephan von Speckmann,Privatperson: Reichskammergerichtsassessor Johann Stephan von Speckmann
RKG-Assessor Tönnemann,Privatperson: Reichskammergerichtsassessor Tönnemann
RKG-Visitation,"Reichskammergericht, Vistation"
"RKG-Visitation, 3. Klasse","Reichskammergericht, Vistation, 3. Klasse"
Sachsen-Eisenach,Herzogtum Sachsen-Eisenach
Sachsenkolleg,Sachsenkolleg Erfurt
Sachsen-Kollegium,Sachsenkolleg Erfurt
sächsischer Hof,"Kurfürstentum Sachsen, Hof"
Salpeterwerk Halberstadt,"Fürstentum Halberstadt, Salpeterwerke"
Salpeterwerk Magdeburg,"Herzogtum Magdeburg, Salpeterwerke"
Schreib- und Rechenschule,Barfüßerschule Erfurt
Schule,@
Schule zu den Predigern,Predigerschule
Schwäbische Reichsgrafen,"Reichskammergerichtsvisitation, 3. Klasse / Reichskammergerichtsvisitation, 4. Klasse ###"
"Schwäbische Reichsritterschaft, Bezirk Ortenau","Reichsritterschaft, Schwaben, Bezirk Ortenau"
"Schwäbische Reichsritterschaft, Kanton an der Donau","Reichsritterschaft, Schwaben, Kanton Donau"
"Schwäbische Reichsritterschaft, Kanton im Hegau, Allgäu und am Bodensee","Schwäbische Reichsritterschaft, Kanton Hegau-Allgäu-Bodensee"
"Schwäbische Reichsritterschaft, Kanton Kocher","Reichsritterschaft, Schwaben, Kanton Kocher"
"Schwäbische Reichsritterschaft, Kanton Neckar-Schwarzwald","Reichsritterschaft, Schwaben, Kanton Neckar-Schwarzwald"
Schwäbischer Reichskreis,"Reichskreis, Schwaben"
Schwarzwaldtkreis,Schwarzwaldkreis
Seminar St. Kilian Würzburg,Seminar St. Kilian Würzburg
Severistift,Kollegiatstift St. Severus Erfurt
Severusstift,Kollegiatstift St. Severus Erfurt
Sigilliferat,"Erzbistum Mainz, Geistliches Gericht Erfurt"
St. Alban,Ritterstift St. Alban Mainz
St. Alban,Ritterstift St. Alban Mainz
St. Andreas-Schule,Andreanum Hildesheim
St. Maria zu Erfurt,"Kollegiatstift St. Maria, Erfurt"
St. Severus-Stift,Kollegiatstift St. Severus Erfurt
Liebfrauen, Kollegiatstift Liebfrauen Mainz
St. Mauritius, St. Mauritius Mainz
St. Christoph, St. Christoph Mainz
St. Peter, St. Peter Mainz
St. Quintin und Blasius, St. Quintin und Blasius Mainz
Heiligkreuz, Heiligkreuz Mainz
Staatsrat,"Königreich Bayern, Staatsrat"
Stadt Erfurt,Stadt Erfurt
Stadt Köln,Stadt Köln
Stadterichte,"Kurfürstentum Mainz, Weltliches Gericht Erfurt"
Stadtgericht,"Kurfürstentum Mainz, Weltliches Gericht Erfurt"
"Stadtgericht zu Erfurt, kurmainzisches","Kurfürstentum Mainz, Weltliches Gericht Erfurt"
Stadtgericht],"Kurfürstentum Mainz, Weltliches Gericht Erfurt]"
Stadtgericht],"Kurfürstentum Mainz, Weltliches Gericht Erfurt]"
Stadtgerichte,"Kurfürstentum Mainz, Weltliches Gericht Erfurt"
Stadtgerichte zu Erfurt,"Kurfürstentum Mainz, Weltliches Gericht Erfurt"
Stadtgerichte zu Erfurt,"Kurfürstentum Mainz, Weltliches Gericht Erfurt"
Stadtgerichte zu Erfurt],"Kurfürstentum Mainz, Weltliches Gericht Erfurt]"
Stadtgerichte zu Erfurt],"Kurfürstentum Mainz, Weltliches Gericht Erfurt]"
Stadtrat,Stadtrat Erfurt
Stadtrat 1729,Stadtrat Erfurt
Stadtrat 1729,Stadtrat Erfurt
Stadtrat 1730,Stadtrat Erfurt
Stadtrat 1730,Stadtrat Erfurt
Stadtrat 1731,Stadtrat Erfurt
Stadtrat 1731,Stadtrat Erfurt
Stadtrat zu Erfrurt],"Kurfürstentum Mainz, Stadtrat Erfurt]"
Stadtrat zu Erfrurt],"Kurfürstentum Mainz, Stadtrat Erfurt]"
Stadtrat zu Erfurt,Stadtrat Erfurt
Stadtrat zu Erfurt,Stadtrat Erfurt
Stadtrat zu Erfurt?],"Kurfürstentum Mainz, Stadtrat Erfurt?]"
Stadtrat zu Erfurt?],"Kurfürstentum Mainz, Stadtrat Erfurt?]"
Stadtrat zu Erfurt],Stadtrat Erfurt
Stadtrat zu Erfurt],"Kurfürstentum Mainz, Stadtrat Erfurt]"
Stadtrat zu Erfurt],"Kurfürstentum Mainz, Stadtrat Erfurt]"
Stadtrat zu eRfurt],"Kurfürstentum Mainz, Stadtrat Erfurt]"
Stadtrat zu Gotha?],Stadtrat Gotha?]
Stadtratstransitus 1665,Stadtrat Erfurt
Stadtratstransitus 1665,Stadtrat Erfurt
Stadtsyndikus Georg Lauterbrunn,Privatperson: Stadtsyndikus Georg Lauterbrunn
Stadtvogtei,Stadtvogtei Erfurt
Statthaltereiamt,"Kurfürstentum Mainz, Regierung Erfurt"
Stift St. Marien,Kollegiatstift St. Maria Erfurt
Stradtrat 1709,Stadtrat Erfurt
Stradtrat 1709,Stadtrat Erfurt
Syndikus der Stadt Köln Eschenbrenner,Privatperson: Syndikus der Stadt Köln Eschenbrenner
Teutsche Gesellschaft  Jena,Deutsche Gesellschaft Jena
Theresianische Ritterakademie,Ritterakademie Wien
Thomasgemeinde,Thomasgemeinde Erfurt
"Univeristät Erfurt, Juristische Fakultät","Univeristät Erfurt, Juristische Fakultät"
Univeristät Erfurt?],Univeristät Erfurt?]
Univeristät Erfurt?],Univeristät Erfurt?]
Univeristät Würzburg,Univeristät Würzburg
Universität Altdorf,Universität Altdorf
Universität Aschaffenburg,Universität Aschaffenburg
Universität Bamberg,Universität Bamberg
Universität Bamberg ?],Universität Bamberg ?]
Universität Bamberg [?],Universität Bamberg ?]
Universität Bamberg],Universität Bamberg]
Universität Basel,Universität Basel
Universität Dillingen,Universität Dillingen
Universität Erfurt,Universität Erfurt
"Universität Erfurt, Corpus Amplonianum","Universität Erfurt, Corpus Amplonianum"
"Universität Erfurt, Hebammeninstitut","Universität Erfurt, Hebammeninstitut"
"Universität Erfurt, Juristenfakultät","Universität Erfurt, Juristsiche Fakultät"
"Universität Erfurt, Juristenkolleg","Universität Erfurt, Juristsiche Fakultät"
"Universität Erfurt, juristische Fakultät","Universität Erfurt, Juristische Fakultät"
"Universität Erfurt, juristische Fakultät]","Universität Erfurt, Juristische Fakultät]"
"Universität Erfurt, juristische Fakultät]","Universität Erfurt, Juristische Fakultät]"
"Universität Erfurt, Medizinische Fakultät","Universität Erfurt, Medizinische Fakultät"
"Universität Erfurt, Philosophische Fakultät","Universität Erfurt, Philosophische Fakultät"
"Universität Erfurt, philosophische Fakultät, Corpus majoristicum","Universität Erfurt, Philosophische Fakultät, Corpus majoristicum"
"Universität Erfurt, theologische Fakultät","Universität Erfurt, Theologische Fakultät"
Universität Erfurt?],Universität Erfurt]
Universität Erfurt?],Universität Erfurt?]
Universität Erfurt],Universität Erfurt]
Universität Erfurt],Universität Erfurt]
Universität Franeker,Universität Franeker
Universität Frankfurt an der Oder,Universität Frankfurt an der Oder
Universität Freiburg,Universität Freiburg
Universität Gießen,Universität Gießen
Universität Göttingen,Universität Göttingen
Universität Göttingen],Universität Göttingen]
Universität Halle,Universität Halle
Universität Heidelberg,Universität Heidelberg
Universität Heidelberg],Universität Heidelberg]
Universität Helmstädt],Universität Helmstedt]
Universität Helmstädt],Universität Helmstedt]
Universität Helmstedt,Universität Helmstedt
Universität Helmstedt],Universität Helmstedt]
Universität Helmstedt],Universität Helmstedt]
Universität Ingolstadt,Universität Ingolstadt
"Universität Ingolstadt, juristische Fakultät","Universität Ingolstadt, Juristische Fakultät"
Universität Ingolstadt],Universität Ingolstadt]
Universität Innsbruck,Universität Innsbruck
Universität Jena,Universität Jena
"Universität Jena, Philosophische Fakultät","Universität Jena, Philosophische Fakultät"
Universität Jena],Universität Jena]
Universität Jena],Universität Jena]
Universität Köln,Universität Köln
Universität Leiden,Universität Leiden
Universität Leiden],Universität Leiden]
Universität Leiden],Universität Leiden]
Universität Leipzig,Universität Leipzig
"Universität Leipzig, juristische Fakultät","Universität Leipzig, Juristische Fakultät"
Universität Leipzig],Universität Leipzig]
Universität Mainz,Universität Mainz
"Universität Mainz, juristische Fakultät","Universität Mainz, Juristische Fakultät"
Universität Mainz],Universität Mainz]
Mainzer Universität,Universität Mainz
der Theologischen Fakultät,"Universität Mainz, Theologische Fakultät"
Theologische Fakultät,"Universität Mainz, Theologische Fakultät"
Artistenfakultät,"Universität Mainz, Artistenfakultät"
Universität Marburg,Universität Marburg
Universität Marburg],Universität Marburg]
Universität Marburg],Universität Marburg]
Universität Metz],Universität Metz]
Universität Nancy],Universität Nancy]
Universität Orléans,Universität Orléans
Universität Paris],Universität Paris]
Universität Pavia,Universität Pavia
Universität Plombières],Universität Plombières]
Universität Prag,Universität Prag
Universität Prag],Universität Prag]
Universität Rinteln,Universität Rinteln
Universität Rinteln],Universität Rinteln]
Universität Straßburg,Universität Straßburg
Universität Straßburg?],Universität Straßburg?]
Universität Straßburg],Universität Straßburg]
Universität Straßburg],Universität Straßburg]
Universität Tübingen,Universität Tübingen
Universität Tübingen],Universität Tübingen]
Universität Upsala,Universität Uppsala
Universität Wien,Universität Wien
Universität Wien],Universität Wien]
Universität Wien],Universität Wien]
Universität Wittenberg,Universität Wittenberg
Universität Würzburg,Universität Würzburg
Universität Würzburg],Universität Würzburg]
Vereinigte Niederlande,"Vereinigte Niederlande, Militär"
Verwaltungsrat des Generalgouverneurs,"Großherzogtum Frankfurt, Verwaltungsrat"
Viertel Unter-Wienerwald (N.Ö.),"Erzherzogtum Österreich, Kreis Viertel Unter-Wienerwald"
Vizedomamt,"Kurfürstentum Mainz, Vizedomamt Erfurt"
Vizedomamt Rheingau],"Kurfürstentum Mainz, Vizedomamt Rheingau]"
Vizedomamt Erfurt,"Kurfürstentum Mainz, Vizedomamt Erfurt"
Vizedomamt zu Erfurt,"Kurfürstentum Mainz, Vizedomamt Erfurt"
Vizedomamt],"Kurfürstentum Mainz, Vizedomat Erfurt]"
Vizedomamt],"Kurfürstentum Mainz, Vizedomat Erfurt]"
Wahl Franz' II.,Königs- und Kaiserwahlkonvent
Wahl Leopolds II.,Königs- und Kaiserwahlkonvent
Wahlkonvent,Königs- und Kaiserwahlkonvent
Weltliche Gerichte,"Kurfürstentum Mainz, Weltliches Gericht Erfurt"
weltliche Gerichte zu Erfurt,"Kurfürstentum Mainz, Weltliches Gericht Erfurt"
weltliche Gerichte zu Erfurt,"Kurfürstentum Mainz, Weltliches Gericht Erfurt"
Weltliche Gerichte zu Erfurt],"Kurfürstentum Mainz, Weltliches Gericht Erfurt]"
Weltliche Gerichte],"Kurfürstentum Mainz, Weltliches Gericht Erfurt]"
Weltliche Stadtgercihte,"Kurfürstentum Mainz, Weltliches Gericht Erfurt"
Weltliches Gericht,"Kurfürstentum Mainz, Weltliches Gericht Erfurt"
Weltliches Gericht?],"Kurfürstentum Mainz, Weltliches Gericht Erfurt?]"
Weltliches Stadtgericht,"Kurfürstentum Mainz, Weltliches Gericht Erfurt"
Westfälischer Friedenskongress,Westfälischer Friedenskongress
Westfälischer Landtag,"Herzogtum Westfalen, Landtag"
Wiener Kongress,Wiener Kongress
"Wiener Kongress, Metternich-Kommission","Wiener Kongress, Metternich-Kommission"
Wollfabrik,Wollfabrik Erfurt
Württembergische Erste Kammer der Standesherren,"Königriech Württemberg, Erste Kammer der Standesherren"
"Wwahlkonvent, königlich böhmische Kanzlei","Königs- und Kaiserwahlkonvent, königlich böhmische Kanzlei"
Zivil- und Kriminalgericht,"Kurfürstentum Mainz, Weltliches Gericht Erfurt"
Zweite Kammer der bayerischen Stände,"Königreich Bayern, Kammer der Abgeordneten"
Universitäts-Kameral-Deputation, Universitäts-Kameral-Deputation
Abtei, Abtei ###
Abtei Eberbach, Abtei Eberbach
Adeliges Seminar Würzburg, Adeliges Seminar Würzburg
Akademie der Wissenschaften München, Akademie der Wissenschaften München
Akademie Erfurt, Akademie Erfurt
Allgemeines Seminar Ingolstadt, Allgemeines Seminar Ingolstadt
Amt Bensheim, Amt Bensheim
Amt Deidesheim, Amt Deidesheim
Appellationsgericht Aschaffenburg, Appellationsgericht Aschaffenburg
Arrondissements Kleve, Arrondissements Kleve
Artistenfakultät, Artistenfakultät
Ascalon zu Erfurt, Ascalon zu Erfurt
Augustiner, Augustiner ###
Augustiner Löwen, Augustiner Löwen
Augustiner Mainz, Augustiner Mainz
Augustinerkloster Köln, Augustinerkloster Köln
Augustinerkloster Mainz, Augustinerkloster Mainz
Augustinerkloster Salzburg, Augustinerkloster Salzburg
Augustinerprovinz Bayern, Augustinerprovinz Bayern
Augustinerprovinz Rhein-Schwaben, Augustinerprovinz Rhein-Schwaben
Bayerische Akademie der Wissenschaften München, Bayerische Akademie der Wissenschaften München
Beisetzung Kaiser Friedrichs II., Beisetzung Kaiser Friedrichs II.
Benediktiner Beuren, Benediktiner Beuren
Benediktiner Ehrenbreitstein, Benediktiner Ehrenbreitstein
Benediktinerabtei Mainz, Benediktinerabtei Mainz
Benediktinerkloster Jakobsberg, Benediktinerkloster Jakobsberg
Benediktinerkloster Seligenstadt, Benediktinerkloster Seligenstadt
Benediktinerkloster St. Jakob Mainz, Benediktinerkloster St. Jakob Mainz
Bezirk Mainz, Bezirk Mainz
Bischöfliches Vikariat Bruchsal, Bischöfliches Vikariat Bruchsal
Bretagne, Bretagne
Bücherzensurkommission, Bücherzensurkommission
Bürgerhospital, Bürgerhospital
Burse zum Schenkenberg, Burse zum Schenkenberg
Casteier Landkapitel, Casteier Landkapitel
Centralschule, Centralschule
Collegium Carolinum Heidelberg, Collegium Carolinum Heidelberg
Collegium Carolinum Kassel, Collegium Carolinum Kassel
Collegium Germanicum, Collegium Germanicum
Collegium Germanicum Rom, Collegium Germanicum Rom
Collegium Würzburg, Collegium Würzburg
Concilium, Concilium
Concilium Generali, Concilium Generali
Concilium Ord., Concilium Ord.
Congregation Mainz, Congregation Mainz
Consilium Generali, Consilium Generali
Departement Lippe, Departement Lippe
Dom Bamberg, Dom Bamberg
Dom Frankfurt am Main, Dom Frankfurt am Main
Dom Mainz, Dom Mainz
Dom Worms, Dom Worms
Dominikanerkloster Mainz, Dominikanerkloster Mainz
Dominikanerorden, Dominikaner ###
Dominkaner Aachen, Dominkaner Aachen
Domkapitel Breslau, Domkapitel Breslau
Domkapitel Mainz, Domkapitel Mainz
Dompfarrei Frankfurt, Dompfarrei Frankfurt
Dompfarrei Mainz, Dompfarrei Mainz
Domscholaster, Domscholaster
Domschule Mainz, Domschule Mainz
Domstift, Domstift ###
Entbindungsanstalt Mainz, Entbindungsanstalt Mainz
Erzbischof Ferdinand zu Köln, Erzbischof Ferdinand zu Köln
Erzbischof Sebastian von Heusenstamm, Erzbischof Sebastian von Heusenstamm
Erzbischof Daniel Brendel von Homburg, Erzbischof Daniel Brendel von Homburg
Erzbischof von Mainz, Erzbischof von Mainz
Erzbistum Mainz, Erzbistum Mainz
Erzbistum Speyer, Erzbistum Speyer
Evangelische Kirche, Evangelische Kirche
Familie Johannes Fust, Familie Johannes Fust
Franziskaner, Franziskaner ###
Franziskanerkloster Eltville, Franziskanerkloster Eltville
Franziskaner, Franziskaner ###
Französische Armee, Französische Armee
Freimaurerloge Johannis-Loge Die Freunde zur Eintracht Mainz, Freimaurerloge Johannis-Loge Die Freunde zur Eintracht Mainz
Fürstentum Aschaffenburg/Großherzogtum Frankfurt, Fürstentum Aschaffenburg/Großherzogtum Frankfurt
Fürstentum Bayern, Fürstentum Bayern
Geburtshaus, Geburtshaus ###
Geistliches Gericht, Geistliches Gericht
Geistliches Kommissariat, Geistliches Kommissariat
Geistliches Seminar Würzburg, Geistliches Seminar Würzburg
Grabstätte, Grabstätte ###
Graf Emmerich von Stadion, Graf Emmerich von Stadion
Grafen Solms-Rüdesheim, Grafen Solms-Rüdesheim
Grafschaft Diepholz, Grafschaft Diepholz
Großherzog von Hessen, Großherzog von Hessen
Großherzogtum Hessen, Großherzogtum Hessen
Guelphen-Orden, Guelphen-Orden
Gymnasium Aschaffenburg, Gymnasium Aschaffenburg
Gymnasium Mainz, Gymnasium Mainz
Gymnasium Thorn, Gymnasium Thorn
Gymnasium Tricoronatum Köln, Gymnasium Tricoronatum Köln
Hardt'sche Stiftung, Hardt'sche Stiftung
Heiligkreuz Mainz, Heiligkreuz Mainz
Heiligkreuz Mainz/St. Peter Mainz, Heiligkreuz Mainz/St. Peter Mainz
Herzog Ulrich von Württemberg, Herzog Ulrich von Württemberg
Herzoge von Mecklenburg, Herzoge von Mecklenburg
Hofgericht, Hofgericht
Hohe Landesschule Kassel, Hohe Landesschule Kassel
Hospital St. Catharina Mainz, Hospital St. Catharina Mainz
Hospital St. Rochus, Hospital St. Rochus
Hospitalorden zum Heiligen Geist Rom, Hospitalorden zum Heiligen Geist Rom
Jakobinerclub Mainz, Jakobinerclub Mainz
Jesuiten, Jesuiten ###
Jesuiten Mainz, Jesuiten Mainz
Jesuiten Oberrhein, Jesuiten Oberrhein
Jesuitengymnasium, Jesuitengymnasium ###
Jesuitenkolleg Aschaffenburg, Jesuitenkolleg Aschaffenburg
Jesuitenkolleg Bamberg, Jesuitenkolleg Bamberg
Jesuitenkolleg Erfurt, Jesuitenkolleg Erfurt
Jesuitenkolleg Graz, Jesuitenkolleg Graz
Jesuitenkolleg Mainz, Jesuitenkolleg Mainz
Jesuitenkolleg Münster, Jesuitenkolleg Münster
Johannisberger Schloßkapelle Frankfurt am Main, Johannisberger Schloßkapelle Frankfurt am Main
Kaiser, Kaiser ###
Kaiser Karl V., Kaiser Karl V.
Kaiser Rudolf II., Kaiser Rudolf II.
Kaiserliche Hofkammer, Kaiserliche Hofkammer
Kanzlei, Kanzlei
Kapitel Fritzlar, Kapitel Fritzlar
Kapuzinerorden, Kapuzinerorden
Karmeliterkirche Boppard, Karmeliterkirche Boppard
Karmeliterkloster Boppard, Karmeliterkloster Boppard
Karmeliterkloster Mainz, Karmeliterkloster Mainz
Kartäuserorden, Kartäuserorden
Katholische Kirche, Katholische Kirche
Katholische Kirchenkommission, Katholische Kirchenkommission
Kaufmännisches Institut, Kaufmännisches Institut
Kloster Amorbach, Kloster Amorbach
Kloster Jakobsberg, Kloster Jakobsberg
Kloster O.S.B. Geroden im Eichsfeld, Kloster O.S.B. Geroden im Eichsfeld
Kloster Rottweil, Kloster Rottweil
Klosterschule Münster, Klosterschule Münster
Kolleg Algesheimer, Kolleg Algesheimer
Kolleg Aschaffenburg, Kolleg Aschaffenburg
Kolleg Baden, Kolleg Baden
Kolleg Bamberg, Kolleg Bamberg
Kolleg Bruchsal, Kolleg Bruchsal
Kolleg Erfurt, Kolleg Erfurt
Kolleg Fulda, Kolleg Fulda
Kolleg Heidelberg, Kolleg Heidelberg
Kolleg Mainz, Kolleg Mainz
Kolleg Perugia, Kolleg Perugia
Kolleg Schenkenberg Mainz, Kolleg Schenkenberg Mainz
Kolleg Würzburg, Kolleg Würzburg
Kollegiatstift Heilig Kreuz Mainz, Kollegiatstift Heilig Kreuz Mainz
Kollegiatstift Kaiserwerth, Kollegiatstift Kaiserwerth
Kollegiatstift Liebfrauen Frankfurt, Kollegiatstift Liebfrauen Frankfurt
Kollegiatstift Liebfrauen Mainz, Kollegiatstift Liebfrauen Mainz
Kollegiatstift St. Peter, Kollegiatstift St. Peter
Kollegiatstift St. Peter Mainz, Kollegiatstift St. Peter Mainz
Kollegiatstift St. Peter und Alexander Aschaffenburg, Kollegiatstift St. Peter und Alexander Aschaffenburg
Kollegiatstift St. Viktor Mainz, Kollegiatstift St. Viktor Mainz
Kollegium der Praktischen Ärzte Frankfurt am Main, Kollegium der Praktischen Ärzte Frankfurt am Main
Kommission zur Verbesserung der Universität, Kommission zur Verbesserung der Universität
Konzil von Trient, Konzil von Trient
Kreisgericht Mainz, Kreisgericht Mainz
Kriminaltribunal Mainz, Kriminaltribunal Mainz
Kurfürst Albrecht von Mainz, Kurfürst Albrecht von Mainz
Kurfürst Berthold von Henneberg , Kurfürst Berthold von Henneberg 
Kurfürst Karl Ludwig von der Pfalz, Kurfürst Karl Ludwig von der Pfalz
Kurfürst von Trier, Kurfürst von Trier
Kurfürst Wolfgang von Dalberg, Kurfürst Wolfgang von Dalberg
Kurfürstentum Köln, Kurfürstentum Köln
Kurmainzer Akademie Nützlicher Wissenschaften Erfurt, Kurmainzer Akademie Nützlicher Wissenschaften Erfurt
Kurpfalz, Kurpfalz
Landgraf von Hessen, Landgraf von Hessen
Landmiliz Mainz, Landmiliz Mainz
Landpfarrei, Landpfarrei ###
Lateinschule Bingen, Lateinschule Bingen
Leopoldina - Nationale Akademie der Wissenschaften, Leopoldina - Nationale Akademie der Wissenschaften
Liebfrauen Erfurt, Liebfrauen Erfurt
Mainzer Kolleg, Mainzer Kolleg
Mainzer Stadtgericht, Mainzer Stadtgericht
Markgrafschaft Baden, Markgrafschaft Baden
Martinsstift, Martinsstift
Maximilian von Bayern, Maximilian von Bayern
"Medizin-chirurgische Spezialschule für Physiologie", "Medizin-chirurgische Spezialschule für Physiologie"
Medizinische Spezialschule Mainz, Medizinische Spezialschule Mainz
Medizinschule Mainz, Medizinschule Mainz
Militärhospital St. Johann Mainz, Militärhospital St. Johann Mainz
Militärlazaret Mainz, Militärlazaret Mainz
Ministerium des Innern, Ministerium des Innern
Mittelschule Bamberg, Mittelschule Bamberg
Münchener Akademie, Münchener Akademie
Nordfrankenlegion, Nordfrankenlegion
Oberamt Krautheim, Oberamt Krautheim
Obere Landesdikasterien, Obere Landesdikasterien
Oberlandesgericht Aschaffenburg, Oberlandesgericht Aschaffenburg
Oberrheinische Provinz, Oberrheinische Provinz
Ordensbruder Asenius Rehm, Ordensbruder Asenius Rehm
Österreichische Hofkanzlei, Österreichische Hofkanzlei
Pfarrei, Pfarrei ###
Philosophische Lehranstalt, Philosophische Lehranstalt
Präsenzkammer, Präsenzkammer
Preußische Armee, Preußische Armee
Priesterminar Mainz, Priesterminar Mainz
Priesterseminar, Priesterseminar ###
Priesterseminar Aschaffenburg, Priesterseminar Aschaffenburg
Priesterseminar Fulda, Priesterseminar Fulda
Priesterseminar Heidelberg, Priesterseminar Heidelberg
Priesterseminar Ingolstadt, Priesterseminar Ingolstadt
Priesterseminar Mainz, Priesterseminar Mainz
Priestersminar Mainz], Priestersminar Mainz]
Prinz von Hohenlohe, Prinz von Hohenlohe
Realschule, Realschule
Regensburgische Botanische Gesellschaft, Regensburgische Botanische Gesellschaft
Reichklara Kloster, Reichklara Kloster
Reichshofrat, Reichshofrat
Reichskammergericht, Reichskammergericht
Reichsklara Kloster Mainz, Reichsklara Kloster Mainz
Reichsritterschaft, Reichsritterschaft
Reichstag, Reichstag
Reichstag Köln, Reichstag Köln
Reichstag Nürnberg, Reichstag Nürnberg
Reichstag Regensburg, Reichstag Regensburg
Revisionsgericht Mainz, Revisionsgericht Mainz
Revolutionäre Freiheitsbewegung, Revolutionäre Freiheitsbewegung
Rheigauer Landkaptiel, Rheigauer Landkaptiel
Rheinarmee, Rheinarmee
Rheingauer Landkapitel, Rheingauer Landkapitel
Rheingraf Johann Philipp von Dhaun, Rheingraf Johann Philipp von Dhaun
Ritterstift St. Alban Mainz, Ritterstift St. Alban Mainz
Ritterstift zum Hl. Ferruz Bleidenstadt, Ritterstift zum Hl. Ferruz Bleidenstadt
Rosenkreuzorden, Rosenkreuzorden
Rudolf von Habsburg, Rudolf von Habsburg
Satrapia Germersheim, Satrapia Germersheim
Schulfond, Schulfond
Schulwesen, Schulwesen
Schweizerische Gesellschaft der Ärzte Bern, Schweizerische Gesellschaft der Ärzte Bern
Seminar des Ecossais, Seminar des Ecossais
Seminar St. Omer, Seminar St. Omer
Senat, Senat
Senat Mainz, Senat Mainz
Senatssitzung, Senatssitzung
St. Agatha Aschaffenburg, St. Agatha Aschaffenburg
St. Cassius Bonn, St. Cassius Bonn
St. Christoph, St. Christoph
St. Christoph Mainz, St. Christoph Mainz
St. Emmeran Mainz, St. Emmeran Mainz
St. Gangolph, St. Gangolph
St. Georg Köln, St. Georg Köln
Heilig Kreuz Mainz, St. Heilig Kreuz Mainz
St. Ignaz Mainz, St. Ignaz Mainz
St. Jakob, St. Jakob
St. Jakob Mainz, St. Jakob Mainz
St. Jakobsberg, St. Jakobsberg
St. Johann, St. Johann
St. Johann Amoeneburg, St. Johann Amoeneburg
St. Johann Baptist, St. Johann Baptist
St. Johann Mainz, St. Johann Mainz
St. Katharina Oppenhaim, St. Katharina Oppenhaim
St. Leonhard Frankfurt am Main, St. Leonhard Frankfurt am Main
St. Lorenz Nürnberg, St. Lorenz Nürnberg
St. Martin Sponheim, St. Martin Sponheim
St. Martin Donatus und Nazarius, St. Martin Donatus und Nazarius
St. Mauritius Mainz, St. Mauritius Mainz
St. Moritz Mainz, St. Moritz Mainz
St. Peter Fritzlar, St. Peter Fritzlar
St. Peter Mainz, St. Peter Mainz
St. Quintin Mainz, St. Quintin und Blasius Mainz
St. Quintin und Blasius Mainz, St. Quintin und Blasius Mainz
St. Rochushospital, St. Rochushospital
St. Stefan Mainz, St. Stefan Mainz
St. Stephan, St. Stephan
St. Stephan Mainz, St. Stephan Mainz
St. Stephan Wien, St. Stephan Wien
St. Viktor, St. Viktor
St. Viktor in Mainz, St. Viktor in Mainz
St. Viktor Mainz, St. Viktor Mainz
Stadt Bingen, Stadt Bingen
Stadt Eltville, Stadt Eltville
Stadt Frankfurt, Stadt Frankfurt
Stadt Lohr, Stadt Lohr
Stadt Mainz, Stadt Mainz
Stadt Mühlheim, Stadt Mühlheim
Stadtpfarrei Frankfurt am Main, Stadtpfarrei Frankfurt am Main
Stadtverwaltung, Stadtverwaltung
Sterbehaus, Sterbehaus ###
Stift Aschaffenburg, Stift Aschaffenburg
Stift Heilig Kreuz Mainz-Hechtsheim, Stift Heilig Kreuz Mainz-Hechtsheim
Stift Hl. Kreuz, Stift Hl. Kreuz
Stift Liebfrauen Mainz, Stift Liebfrauen Mainz
Stift St. Bartholomäus Frankfurt am Main, Stift St. Bartholomäus Frankfurt am Main
Stift St. Cyriakus, Stift St. Cyriakus
Stift St. Florian Koblenz, Stift St. Florian Koblenz
Stift St. Gangolph, Stift St. Gangolph
Stift St. Gereon, Stift St. Gereon
Stift St. Johann Baptist Mainz, Stift St. Johann Baptist Mainz
Stift St. Katharinen Oppenheim, Stift St. Katharinen Oppenheim
Stift St. Liebfrauen Frankfurt am Main, Stift St. Liebfrauen Frankfurt am Main
Stift St. Moritz Mainz, Stift St. Moritz Mainz
Stift St. Moritz Mainz/Heilig Kreuz Mainz, Stift St. Moritz Mainz/Heilig Kreuz Mainz
Stift St. Peter Mainz, Stift St. Peter Mainz
Stift St. Peter und Alexander, Stift St. Peter und Alexander
Stift St. Stephan Mainz, Stift St. Stephan Mainz
Stift St. Viktor Mainz, Stift St. Viktor Mainz
Stift Unserer Lieben Frauen Erfurt, Stift Unserer Lieben Frauen Erfurt
Stiftung Mainzer Universitätsfonds, Stiftung Mainzer Universitätsfonds
Straßburger Münster, Straßburger Münster
Theologische Fakultät, Theologische Fakultät
Theologische Fakultät , Theologische Fakultät 
Universität Moskau, Universität Moskau
Universität Aschaffenburg, Universität Aschaffenburg
Universität Bamberg, Universität Bamberg
Universität Basel, Universität Basel
Universität Bologna, Universität Bologna
Universität Bonn, Universität Bonn
Universität Bourges, Universität Bourges
Universität Duisburg, Universität Duisburg
Universität Düsseldorf, Universität Düsseldorf
Universität Erfurt, Universität Erfurt
Universität Ferrara, Universität Ferrara
Universität Freiburg im Breisgau, Universität Freiburg im Breisgau
Universität Fulda, Universität Fulda
Universität Gießen, Universität Gießen
Universität Göttingen, Universität Göttingen
Universität Greifswald, Universität Greifswald
Universität Heidelberg, Universität Heidelberg
Universität Heiligenstadt, Universität Heiligenstadt
Universität Ingolstadt, Universität Ingolstadt
Universität Jena, Universität Jena
Universität Köln, Universität Köln
Universität Leipzig, Universität Leipzig
Universität Leuven, Universität Leuven
Universität London, Universität London
Universität Löwen, Universität Löwen
Universitat Mainz, Universitat Mainz
Concilium Majus, "Universität Mainz, Concilium Majus"
Senat, "Universität Mainz, Senat"
Universität Mannheim, Universität Mannheim
Universität Marburg, Universität Marburg
Universität Münster, Universität Münster
Universität Orléans, Universität Orléans
Universität Oxford, Universität Oxford
Universität Padua, Universität Padua
Universität Paris, Universität Paris
Universität Perugia, Universität Perugia
Universität Prag, Universität Prag
Universität Reims, Universität Reims
Universität Rom, Universität Rom
Universität Rostock, Universität Rostock
Universität Salzburg, Universität Salzburg
Universität Siena, Universität Siena
Universität Straßburg, Universität Straßburg
Universität Toulouse, Universität Toulouse
Universität Trier, Universität Trier
Universität Tübingen, Universität Tübingen
Universität Wetzlar, Universität Wetzlar
Universität Wien, Universität Wien
Universität Wittenberg, Universität Wittenberg
Universität Würzburg, Universität Würzburg
Universitätsbibliothek Trier, Universitätsbibliothek Trier
Untersuchungskommission, Untersuchungskommission
Viadrina, Viadrina
Vizedomamt Aschaffenburg, Vizedomamt Aschaffenburg
Vizedomamt Rheingau, Vizedomamt Rheingau
Weltliches Gericht, Weltliches Gericht
Zentralverwaltung der Lande zwischen Maas und Rhein, Zentralverwaltung der Lande zwischen Maas und Rhein
Zivilgericht Département du Mont-Tonnerre, Zivilgericht Département du Mont-Tonnerre



























































































































































































































































































































































































































































































































































































































































































































































































































































































































































































































































































































































































































































































































































































































































































































































































































































































































































































































































































































































































































































































































































































































































































































































































































































































































































































































































































































































































































































































































































































































































































































































































































































































































































































































































































































































































































































































































































































































































































































































































































































































































































































































































































































































































































































































































































































































































































































































































































































































































































































































































































































































































































































































































































































































































































































































































































































































































































































































































































































































































































































































































































































































































































































































































































































































































































































































































